:020000040800F2
:10000000D00C00200101000801370008352C000841
:10001000B5350008BD0B0008E93F000800000000EE
:10002000000000000000000000000000253A000869
:10003000BF0B000800000000233A0008273A000820
:100040001B0100081B0100081B0100081B01000820
:100050001B0100081B0100081B0100081B01000810
:100060001B0100081B010008C90B00081B01000848
:100070001B0100081B0100081B0100081B010008F0
:100080001B0100081B0100081B0100081B010008E0
:100090001B0100081B0100081B0100081B010008D0
:1000A0001B010008A53A00081B0100081B010008FD
:1000B000B13A00081B010008BD3A00081B01000806
:1000C0001B0100081B0100081B0100081B010008A0
:1000D0001B0100088D3F0008D13F0008DD3F0008EC
:1000E000C10B00081B0100081B010008DFF80CD041
:1000F00000F096FC0048004729600008D00C002062
:100100000648804706480047FEE7FEE7FEE7FEE7B1
:10011000FEE7FEE7FEE7FEE7FEE7FEE7A33A00089C
:10012000ED0000082DE9F0410024061B254671F181
:10013000000605DA01240027D0EB070067EB010178
:10014000161E73F1000605DA0027D2EB070201251F
:1001500067EB030300F066FB86460E4617469C4697
:10016000AC4204D00025D0EB050E65EB010624B1AE
:100170000020D2EB000760EB030C704631463A4694
:100180006346BDE8F081202A04DB203A21FA02F020
:100190000021704721FA02F3D040C2F120029140C1
:1001A000084319467047D2B201E000F8012B491EFE
:1001B000FBD270470022F6E710B513460A46044604
:1001C0001946FFF7F0FF204610BD421C10F8011B36
:1001D0000029FBD1801A704730B504460020034641
:1001E00000E05B1C934203D2E05CCD5C401BF8D086
:1001F00030BDF0B480EA0102D40F4200B2EB410FEF
:1002000002D20246084611464A0042D0C30DDDB272
:10021000C1F3C752AD1A202D35DAC1F3160141F4EE
:10022000000204B15242C5F1200602FA06F12A4149
:100230001044B3EBD05F23D0C4B1012DA0EBC35069
:1002400009DCF0BC4FF0004202EAC352DBB200F519
:10025000000000F042BB400000F1807000EBC35092
:10026000A0F1807040EAD170490009E0490841EAF4
:10027000C071A0EBC35000F50000400800EBC35074
:10028000F0BC00F021BB6142012202EB4101001BE6
:10029000F6E7F0BC704781F00041AAE780F000402B
:1002A000A7E780EA010210B502F00043400022D027
:1002B0004A001FD0010E01EB1261C0F35600C2F3D9
:1002C000560240F4000042F40002A0FB02200004A9
:1002D0007F39140400D0401C50EA124001D4400081
:1002E000491EC2B20C0604EBD010401C4008802A04
:1002F00002D003E0002010BD20F00100002900DA48
:100300000020184310BD30B480EA010202F000451D
:1003100030F0004221F0004013D090B1C30DD40D55
:10032000C2F31601C0F31600E41A41F4000140F4D0
:1003300000027D34914201D3641C00E04900002C8E
:1003400002DA30BC002070474FF4000000239142D5
:1003500001D3891A034340084FEA4101F7D151B153
:10036000914202D14FF0004105E002D24FF001016D
:1003700001E06FF0010103EBC450284430BC00F0F1
:10038000A3BA420005D0C0F3C7525242914201DCE9
:100390000020704700EBC15070472DE9FE4F8046AA
:1003A00081EA0300C00F0C46009021F0004123F0C9
:1003B0000045B8EB0200A94105D2404621469046CF
:1003C0001C460B46024623F00040104347D0270D41
:1003D000C7F30A00C3F30A510290401A0190402863
:1003E0006BDAC3F3130040F4801B0098924620B1EF
:1003F0000023D2EB030A63EB0B0B01985946C0F1C3
:100400004002504600F03FFA06460D465046594617
:10041000019A00F047FA10EB08006141002487EAD6
:10042000115284EAE7731A4340D0009A62B3019AEA
:10043000012A4FEA075215DC001B61EB02014FF065
:10044000004202EA0752CDE90042001C41F580114A
:1004500032462B4600F07EFA03B0BDE8F08F4046EE
:100460002146F9E7001B61EB0201001C41F58013F6
:1004700000185B412018A2F5001747EB030140EA82
:10048000D570B6196D4111E06D084FEA360645EAA0
:10049000C0754FEA0752001B61EB0201001C41F5D9
:1004A000801149084FEA30000019514132462B466D
:1004B00003B0BDE8F04F00F03EBA009801224000C2
:1004C0000023D0EB020263EBE073009821464FEA71
:1004D000E074B8EB000061EB0401E9E783F000434E
:1004E0005BE781F0004158E72DE9FE4F81EA030404
:1004F00004F0004421F0004100944FF0000B23F081
:10050000004350EA01045ED052EA03045BD0C3F317
:100510000A54C1F30A552C44A4F2F3340194A0FB0D
:100520000254C1F3130141F48011C3F3130343F4E4
:10053000801301FB024400FB034E840A970A44EA3D
:10054000815447EA8357A4FB076802958D0A05FB8F
:1005500007854FEA932C04FB0C542705029D4FEAB4
:10056000065847EA1637B5EB08056EEB070C870E01
:10057000920E47EA811742EA8312A7FB0201B6EB0B
:100580000B0164EB00042B0D43EA0C335E1844EBC3
:100590001C50DA465146E7FB0201C5F313044FEA4B
:1005A0000B3343EA14534FEA0432019C43EA060337
:1005B000A4F10C040294009CCDE900B400F0CAF947
:1005C00003B0BDE8F08F00200146F9E72DE9F04DBA
:1005D00081EA030404F0004B21F0004514464FF07B
:1005E000000A23F0004150EA050220D054EA01023B
:1005F0001DD0C5F30A570246C5F31303C1F3130018
:10060000C1F30A5640F4801543F48013A7EB0608A3
:10061000101BD64608F2FD3873EB050002D308F133
:10062000010801E092185B41B8F1000F03DA0020E5
:100630000146BDE8F08D00204FF480110646844647
:100640000EE0171B73EB050705D3121B63EB0503C5
:1006500006434CEA010C49084FEA300092185B410E
:1006600050EA0107EDD152EA030012D082EA0400F9
:1006700083EA0501084305D0101BAB4106D20122D5
:10068000002306E000224FF0004302E06FF0010279
:1006900053101AEB06004CEB085110EB0A0041EB2B
:1006A0000B01BDE8F04D00F046B970B521F00043F4
:1006B00003430CD0C1F30A550024D5EB040564EBC9
:1006C0000403D617AD1AB34102DB0020014670BD0A
:1006D000201841EB025170BDC10F80EAE070084460
:1006E000CA079623002100F0F8B89623002211468D
:1006F00000F0F3B80EB540F2334102910021CDE98C
:1007000000110A460B4600F025F903B000BD00F0C9
:10071000004220F00040C10DC0F3160040F400007C
:100720007F2901DA00207047962903DCC1F1960188
:10073000C84001E096398840002AF4D04042704712
:1007400020F00040C10DC0F3160040F400007F29E6
:1007500001DA00207047962903DCC1F19601C840F8
:10076000704796398840704700F0004230F00040F2
:100770000AD0C10D01F56071C0F3160042EA0151C3
:10078000C20840071143704700200146704700002F
:1007900030B5041E71F1000404DB4FF00044404208
:1007A00064EB0101141E73F1000405DB1C464FF0DD
:1007B0000043524263EB0403994208BF904230BDAC
:1007C00001F0004330B421F0004150EA010206D0AC
:1007D0000A0DA2F56072C1F31301002A02DC30BCDD
:1007E00000207047440F44EAC104C100E01830BC47
:1007F00000EBC25000F068B830B50B46014600204F
:100800002022012409E021FA02F59D4205D303FAD2
:1008100002F5491B04FA02F52844151EA2F1010253
:10082000F1DC30BD2DE9F05F0546002092469B4685
:1008300088460646814640241BE0284641464746F6
:100840002246FFF7A0FC53465A46C01A914110D3E6
:1008500011461846224600F016F82D1A67EB0108DB
:100860004F4622460120002100F00DF817EB000949
:100870004E41201EA4F10104DFDC484631462A46E1
:100880004346BDE8F09F202A04DB203A00FA02F13B
:10089000002070479140C2F1200320FA03F319436E
:1008A00090407047202A06DBCB17203A41FA02F02D
:1008B00043EAE07306E041FA02F3D040C2F12002BD
:1008C00091400843194670470029A8BF7047401C53
:1008D000490008BF20F00100704710B4B0FA80FC56
:1008E00000FA0CF050EA010404BF10BC704749B193
:1008F000CCF1200421FA04F411FA0CF118BF012103
:1009000021430843A3EB0C01CB1D4FEA00614FEAE2
:10091000102042BF002010BC704700EBC3501044B1
:100920000029A4BF10BC7047401C490008BF20F03C
:10093000010010BC704710B5141E73F1000408DAF2
:10094000401C41F1000192185B411A4301D120F093
:10095000010010BD2DE9F04D92469B4611B1B1FA50
:1009600081F202E0B0FA80F220329046FFF78BFF6E
:1009700004460F4640EA0A0041EA0B0153465A4634
:10098000084313D0114653EA010019D0C8F14002C0
:100990005046FFF7F8FB05460E465046594642467C
:1009A000FFF771FF084305D0012004E020463946D7
:1009B000BDE8F08D0020054346EAE0762C4337433E
:1009C0000A986305E40AA0EB08000022FD0A44EA45
:1009D00047540A3002D500200146E9E70105101905
:1009E0006941DDE9084500196941BDE8F04DA2E71C
:1009F000C1F30A52C1F3130140F2FF3341F48011F5
:100A00009A4202DA00200146704740F233439A428C
:100A1000A2F2334202DC5242FFF7B5BBFFF733BF0D
:100A2000064C074D06E0E06840F0010394E807003B
:100A300098471034AC42F6D3FFF75CFB208E0008D9
:100A4000408E00082DE9F04D00231A461B1A8A41FA
:100A500003DB00200146BDE8F08DC1F30A52C1F36B
:100A6000130141F480154FF0000BD10702D100189B
:100A70006D41521E0027044640F2FF11384601EB3B
:100A8000620A3E468046024600204FF48011FFF77E
:100A90007AFBC2197141BB1846EB0100B4EB030CA1
:100AA00075EB000C04D3E41A65EB000517460E46FF
:100AB000241908F101006D4180463428E3DDF9195D
:100AC00046EB0600091BA84103D24FF0FF32134644
:100AD00001E0002213461BEB070046EB0A51BDE87C
:100AE000F04DFFF728BF000070B50446006881682C
:100AF000C943C90717D1816821F00101816000F065
:100B000069FC05460AE000BF00F064FC401B0228B7
:100B100004D920688068C043C00706D02068806878
:100B2000C043C007F0D0002070BDA06A40F01000A4
:100B3000A062E06A40F00100E062012070BD0000A8
:100B4000F8B500260446009600688168C943C907C5
:100B50002DD0816841F00101816016481649006876
:100B6000B0FBF1F000E0401E00900028FBD100F047
:100B700031FC054616E000BF00F02CFC401B0228AB
:100B800010D920688068C043C0070BD0A06A40F02D
:100B90001000A062E06A40F00100E06284F8246086
:100BA0000120F8BD20688068C043C007E4D1002060
:100BB000F8BD00006000002040420F00FEE77047D3
:100BC0004FF4805000F0F8BA102000F0F5BA72B679
:100BD000FEE70000F8B50024009490F82420254694
:100BE000012A12D0012280F824204A681F23072AF4
:100BF0000DD20668776B521E02EB820293409F4330
:100C00000B6893401F43776319E00220F8BD066824
:100C10000D2A0AD2376BD21F02EB820293409F4308
:100C20000B6893401F43376309E0F76A0D3A02EB04
:100C3000820293409F430B6893401F43F7620A6808
:100C4000072306680A2A0AD3F7680A3A02EB420227
:100C500093409F438B6893401F43F76008E03769D8
:100C600002EB420293409F438B6893401F433761DE
:100C70000A68102A01D0112A20D1124B02689A4228
:100C800017D193681B0219D4936843F4000393604F
:100C90000968102912D10C490C4A0968B1FBF2F11C
:100CA00001EB8101490000E0491E00910029FBD1C0
:100CB00004E0816A41F020018162012480F824501F
:100CC0002046F8BD002401406000002040420F0093
:100CD0000068C06C704700002DE9F0414FF000073C
:100CE00004003D467ED0A06A002628B9E66284F85A
:100CF0002460204600F07EF82046FFF7F5FEA16A4A
:100D0000C90600D420B1A06A40F01000A06269E0DA
:100D1000A16A21F4885141F00201A1626268E1698F
:100D2000237B0A4347EA43010A43A1684FF48077D3
:100D3000B94209D0012907D05FF0000194F814C02E
:100D4000BCF1010F02D00AE03946F7E7F3B1A36A1C
:100D500043F02003A362E36A43F00103E3622368E4
:100D6000D3F804C02CF4694C4CEA010CC3F804C05D
:100D700021688B68DFF870C003EA0C0313438B60B3
:100D8000A168B9420BD0012909D00CE0DFF85CC0A2
:100D9000A3690CEB43330B4343F40061DFE7218A83
:100DA0000D05A5F580152168CB6A23F470032B434C
:100DB000CB62216889680E4B1940914208D1E662E6
:100DC000A16A21F0020141F00101A162BDE8F081B8
:100DD000A06A20F0020040F01000A062E06A40F03B
:100DE0000100E0620120F1E7FDF7E1FF00E0FFFF15
:100DF000FE0E1FFF00B585B0002100910191029108
:100E0000039100680E49884218D10E48816941F467
:100E100080618161816901F480610491816941F09F
:100E2000040181618069694600F00400049010208B
:100E3000009003200190044800F0CAF905B000BDFD
:100E40000028014000100240000801402DE9F8434D
:100E500000270D460446009700F0BCFA8046206843
:100E60008168C90508D5A06A40F02000A06284F816
:100E700024700120BDE8F8834168C90503D4C06A25
:100E800010F4700F2AD0022000F042FB3B490968A1
:100E9000B1FBF0F62068036939490B424FEA610162
:100EA0004FEAA1121FD1C3684FEA611C13EA0C0F6D
:100EB00019D103690B4225D1C068104222D11420F8
:100EC00023E0681C0AD02DB100F084FAA0EB0800E2
:100ED000A84203D920680068800725D520680068EB
:100EE0008007EED52DE003690B4202D1C1681142A3
:100EF00006D0026923490A4206D1C068084203D1DC
:100F0000542002E0292000E0FC204643009816E02F
:100F1000681C11D02DB100F05DFAA0EB0800A842CA
:100F20000AD90098B04207D2A06A40F00400A0623B
:100F300084F8247003209DE70098401C0090B04284
:100F4000E6D321686FF012000860A06A40F40070D8
:100F5000A06220688068C0F3424007280CD1207B43
:100F600050B9A06A20F48070A062A06AC00403D4C3
:100F7000A06A40F00100A06200207BE76000002032
:100F8000244992244992240070B5044690F8240024
:100F900001280DD0012084F824002046FFF7D0FD61
:100FA00002004FF0000005D084F82400104670BD08
:100FB000022070BDA16A40F20123994341F480717F
:100FC000A1621F4D23681F49AB4218D10E6816F469
:100FD000702F14D0A66A46F48016A6620E687605B5
:100FE00005D5A66A26F4005646F48056A662A66A7F
:100FF000F6040AD5E66A26F00606E66206E0A66A68
:1010000026F48016A6625E68E9E7E06284F82400B0
:101010006FF00200186020688368C3F34243072B17
:1010200005D1A84208D1096811F4702F04D0816855
:1010300041F480118160B9E7816841F4A001F9E7CA
:10104000002801400424014010B590F8211000222E
:10105000022905D00421816380F82020012010BDE1
:1010600001680B6823F00E030B6001680B6823F026
:1010700001030B6090F84030C46B012101FA03F3C7
:10108000636080F8211080F82020104610BD000019
:1010900010B590F821100024022903D004218163A7
:1010A00001243DE001680A6822F00E020A6001682E
:1010B0000A6822F001020A601A4A0168914201D1CD
:1010C000012121E0174A1432914201D110211BE085
:1010D000144A2832914201D1891515E0114A3C3257
:1010E000914201D189140FE00E4A5032914202D14F
:1010F0004FF4803108E00B4A6432914202D14FF440
:10110000801101E04FF08071064A083A51600121D8
:1011100080F82110002180F82010416B01B1884730
:10112000204610BD0800024070B5044600F052F998
:101130000546601C02D004480078044400F04AF9D7
:10114000401BA042FAD370BD540000202DE9F041AD
:10115000154E164C4FF4005510280DD06F10B842A4
:1011600020D10A20FFF7E0FF3946114800F020F9AE
:10117000002817D120700DE00A20FFF7D5FF1021BD
:101180000C4800F015F901280CD12278062A07D066
:10119000521C227029463046BDE8F04100F00DB9DE
:1011A0000120E7E7BDE8F0810010014002000020C7
:1011B00000080140000C0140044910B50A680242D1
:1011C00002D00860FFF7C2FF10BD00001404014008
:1011D0002DE9F84FDFF8B8910024A9F1040B23465C
:1011E0000F2709F1040AABF1040EC9E00125A5405F
:1011F0002A40AA427DD1674ED1F804C0ACEB060864
:10120000B44532D014DCBCF1030F3AD009DCBCF198
:10121000000F2AD0BCF1010F1CD0BCF1020F31D15C
:101220001DE0BCF1110F17D0BCF1120F2AD119E04B
:10123000B8F5881F19D006DCB8F5803F15D0B8F591
:10124000801F1FD111E0B8F5001F0ED0B8F5041FA4
:1012500018D10AE0CB6815E0CB681B1D12E0CB6803
:1012600008330FE0CB680C330CE08B682BB1012BFB
:101270004FF0080303D0456104E0042302E0056158
:1012800000E00023FF2A01D8064601E000F1040631
:101290004FEA840501D9A5F12005D6F8008007FAA8
:1012A00005FC28EA0C0803FA05F548EA0508C6F823
:1012B00000804D68ED0062D5374DAE6946F00106FD
:1012C000AE61AD6924F0030605F001050095334DCC
:1012D00006EB050CDCF80850A607360F07FA06F8EF
:1012E00025EA0805DFF8B880404503D14FF0000833
:1012F00017E044E0DFF8AC80404502D14FF0010830
:101300000FE0DFF8A480404502D14FF0020808E06A
:10131000DFF89880404502D14FF0030801E04FF01C
:10132000040808FA06F848EA0508CCF808804D6871
:10133000D9F80060ED024D4601D5164300E0964312
:101340002E604D68DAF80060AD02554601D51643AF
:1013500000E096432E604D68DBF80060AD035D460B
:1013600001D5164300E096432E604D68DEF800601C
:10137000ED03754601D5164300E096432E60641CCC
:101380000D682A46E5407FF431AFBDE8F88F0000D4
:10139000080401400000111000100240000001404C
:1013A00000080140000C0140001001400014014001
:1013B0008068084000D001207047C26821EA02031B
:1013C0000A4043EA0241016170470AB10161704776
:1013D0000904FBE7014880687047000054000020C2
:1013E00002488168027811448160704754000020EF
:1013F000074810B5016841F010010160032000F0BA
:1014000075F8012000F006F800F024F8002010BD67
:101410000020024070B50D4D04464FF47A712878D3
:10142000B1FBF0F00A490968B1FBF0F000F0A4FB51
:1014300048B9102C07D200222146501E00F036F881
:1014400000206C6070BD012070BD000054000020C1
:10145000600000200C4808B5816941F001018161FC
:10146000816901F001010091C16941F08051C161C0
:10147000C06900F0805000900448416821F0E061AC
:1014800041F00071416008BD0010024000000140C1
:10149000002809DB00F01F02012191404009800073
:1014A00000F1E020C0F8001170470000F0B40E4BCE
:1014B0001B680C46C3F30223C3F10705042D00D9B2
:1014C0000425191D072901D2002300E0DB1E012697
:1014D00006FA05F1491E214099409E40761E1640AD
:1014E0003143F0BC02F01ABE0CED00E0064900F0FA
:1014F000070208684FF6FF03184040EA0220034A3B
:1015000010430860704700000CED00E00000FA0591
:1015100010B501460020234C012922D0022939D0E0
:1015200010291DD161682268D20119D51E48C1F366
:101530008342C903805C0AD561681B4AC1F34041FC
:10154000921E515C194AB2FBF1F1484301E018497F
:1015500048436168490203D440000321B0FBF1F025
:1015600010BD226AC2F30121012903D1920701D5DE
:10157000C80310BD022905D1626A920702D549F657
:10158000404010BD0329FCD121688903F9D54FF2F1
:10159000244010BD00F02AF96168C1F38131491C73
:1015A0004900DBE7001002405478000800127A007E
:1015B00000093D002DE9F84305460078354CC00789
:1015C00054D0E0690026C00008D4E06940F08050A3
:1015D000E061E069012600F0805000902E4801682B
:1015E000C90512D40168804641F480710160FFF79B
:1015F000F1FE074605E000BFFFF7ECFEC01B6428C4
:1016000023D8D8F80000C005F6D5206A10F4407041
:1016100021D0A98801F4407181421CD0206A1F4961
:10162000012220F440700A6000220A602062C00794
:1016300011D0FFF7CFFE074641F2883808E000BF1F
:10164000FFF7C8FEC11B414502D90320BDE8F8835E
:10165000206A8007F4D5206A696820F44070084346
:1016600020621EB1E06920F08050E0612878800798
:1016700005D56068A96820F4404008436060287878
:10168000C00605D56068E96820F480000843606002
:101690000020DBE70010024000700040400442429E
:1016A0002DE9F0470F46050061D0434E306800F049
:1016B0000700B84209D2306820F007003843306094
:1016C000306800F00700B84251D128683B4C8107D0
:1016D00012D5400703D5606840F4E0606060287868
:1016E000000703D5606840F4605060606068A968D6
:1016F00020F0F000084360602878C00728D06868B0
:10170000012810D02168022810D0890700292EDA7C
:10171000616821F0030101436160FFF75BFE8046D1
:1017200041F288390DE021688903EFE78901EDE78F
:10173000FFF750FEA0EB0801494502D90320BDE8A0
:10174000F0876068696800F00C00B0EB810FEFD1A2
:10175000306800F00700B8420BD9306820F007006D
:1017600038433060306800F00700B84201D00120F3
:10177000E5E72878400705D56068E96820F4E0606F
:10178000084360602878000706D56068296920F45E
:10179000605040EAC100606000F038F86168084AB3
:1017A000C1F30311515CC84006490860064800684F
:1017B000FFF730FE0020C2E7002002400010024088
:1017C00064780008600000205800002004480549A3
:1017D00000684968044AC1F30221515CC84070475F
:1017E0006000002000100240747800080448054999
:1017F00000684968044AC1F3C221515CC84070477F
:101800006000002000100240747800080E4A516801
:101810000E4801F00C03042B11D0082B0FD10C48FB
:10182000C1F38343C903C05C0AD55168084AC1F3B8
:101830004041921E515C054A5043B0FBF1F07047A5
:1018400004494843704700000010024000127A002B
:101850004278000800093D002DE9F84F040070D0DF
:101860002078C04DC00749D06868C0F381000128C6
:1018700007D06868C0F38100022809D16868C003F6
:1018800006D52868800339D560680028E7D035E0A0
:101890006068B0F5803F0BD010B1B0F5A02F11D02B
:1018A000286820F480302860286820F4802002E036
:1018B000286840F480302860606890B1FFF78AFDA6
:1018C00006460AE0286840F480202860F0E700BF60
:1018D000FFF780FD801B642873D828688003F7D544
:1018E0000CE0FFF777FD064605E000BFFFF772FD4D
:1018F000801B6428F0D828688003F7D420789A4E9B
:1019000080074FF001094FF0000839D5686810F0E2
:101910000C0F07D06868C0F38100022809D16868FD
:10192000C00306D42868800714D52069012808D18F
:1019300010E02069B0B1C6F80090FFF74BFD0746F4
:1019400005E00AE1FFF746FDC01B0228C4D828685D
:101950008007F7D52868616920F0F80040EAC100E7
:1019600028600DE0C6F80080FFF734FD074604E06C
:10197000FFF730FDC01B022823D828688007F7D462
:10198000207800072CD57948A169D9B1C0F800901A
:10199000FFF720FD074604E0FFF71CFDC01B0228EF
:1019A0000FD8686A8007F7D571484FF4FA5100687C
:1019B000B0FBF1F0009000BF0098411E0091FAD2F8
:1019C0000EE080E0C0F80080FFF704FD074604E069
:1019D000FFF700FDC01B022875D8686A8007F7D49E
:1019E0002078400760D5E8690027C00008D4E8697E
:1019F00040F08050E861E869012700F080500090D5
:101A00005C480168C90513D40168834641F48071BC
:101A10000160FFF7DFFC824606E000BFFFF7DAFC5B
:101A2000A0EB0A0064284ED8DBF80000C005F5D50D
:101A3000E06801280AD008B1052813D0286A20F0F0
:101A400001002862286A20F0040002E0286A40F0C1
:101A500001002862E06841F2883B98B1FFF7BAFCC8
:101A600082460BE0286A40F004002862EEE700BFDF
:101A7000FFF7B0FCA0EB0A0159455AD8286A800745
:101A8000F6D50CE0FFF7A6FC824605E0FFF7A2FCC6
:101A9000A0EB0A0159454CD8286A8007F6D41FB13B
:101AA000E86920F08050E861E06988B36968C1F3B3
:101AB0008101022944D00228C6F8608004D0FFF7D3
:101AC00089FC044638E034E0FFF784FC074604E074
:101AD000FFF780FCC01B02282BD828688001F7D4B0
:101AE000206AB0F5803F05D16868A16820F4003015
:101AF00008436860D4E908010843696821F4741157
:101B000008436860C6F86090FFF764FC044606E08E
:101B100025E000BFFFF75EFC001B022809D82868FB
:101B20008001F7D51BE000BFFFF754FC001B022823
:101B300002D90320BDE8F88F28688001F4D40EE0B4
:101B40000128F7D06868226A00F48031914204D1FC
:101B5000616A00F47010884201D00120EAE7002099
:101B6000E8E70000001002400000424280044242C8
:101B7000600000200070004010B5401EB0F1807F72
:101B800001D3012010BD4FF0E02460610F216017E8
:101B900002F0C4FA0020A06107202061002010BDDF
:101BA0007047704710B590F83C20012A22D00122DE
:101BB00080F83C20CA688C6822F4407222434C684A
:101BC00022F4806222430C6822F4006222430C69F2
:101BD00022F4805222434C6922F400522243C96904
:101BE000002322F480420A4301684A6480F83C30B2
:101BF000002010BD022010BD70B590F83C20012AD5
:101C000026D0012480F83C40022280F83D20036861
:101C10005A689D6822F070060A6832435A600D4B7C
:101C200002689A4208D0B2F1804F05D00A4B9A421E
:101C300002D00A4B9A4204D1496825F08003194327
:101C4000916080F83D40002180F83C10084670BD4E
:101C5000022070BD002C014000040040000800403C
:101C600010B5040003D094F83D0010B107E0012046
:101C700010BD002084F83C00204600F01FF8022030
:101C800084F83D00211D206801F01EFF012084F82A
:101C9000460084F83E0084F83F0084F8400084F851
:101CA000410084F8420084F8430084F8440084F83A
:101CB000450084F83D00002010BD000008B5006814
:101CC0000B49884212D10B48816941F4006181615E
:101CD0008069002200F40060009011461920FFF78F
:101CE000E5FBBDE808401920FFF7D2BB08BD0000A6
:101CF000002C01400010024090F83D10012901D055
:101D000001207047022180F83D100168CA6842F046
:101D10000102CA6000680B49884208D0B0F1804FC8
:101D200005D00949884202D00849884204D1816817
:101D300001F00701062903D0016841F001010160AB
:101D400000207047002C01400004004000080040C3
:101D500070B5044690F83C000025012817D00126F4
:101D600084F83C60022084F83D002068826822F0FC
:101D7000770222F47F4282600868502838D00DDC58
:101D800020284FD005DC90B3102811D14AE0022062
:101D900070BD302846D040280AD13BE060282FD0C3
:101DA00070280DD0B0F5805F03D0B0F5005F12D081
:101DB000012584F83D60002084F83C00284670BD71
:101DC000CB68D1E90121206801F0C7FE2068816855
:101DD00041F0770109E0CB68D1E90121206801F0E9
:101DE000BCFE2068816841F480418160E1E719E030
:101DF000CA684968206801F065FF5021206806E044
:101E0000CA684968206801F06EFF6021206801F00F
:101E1000AEFECEE7CA684968206801F053FF402152
:101E20002068F4E7226801461046F0E72DE9F0410A
:101E30000D46040003D094F83D0018B108E00120DD
:101E4000BDE8F081002084F83C00204600F040F816
:101E5000022084F83D002068816844F20702914323
:101E60008160211D206801F02FFE22689068916931
:101E7000166A2B68AF69034340F20330814341EA9D
:101E80000721A868EF6908434FF6FC418843E968D9
:101E900040EA0720014328692F6A000140EA073021
:101EA000084369686D6926F0220646EA051529434C
:101EB00093602268906154F8460B0162012004F897
:101EC0001F09E0752076E0762077A0750020B7E73F
:101ED00000B585B000210091019102910391026843
:101EE00023480121B2F1804F24D0224B9A421FD1C6
:101EF000C26942F00402C261C26902F004020492A3
:101F0000826942F0080282618069029100F0080053
:101F10000490C020009069461748FFF759F9002245
:101F200011461E20FFF7C2FA5FF01E00FFF7B0FA5D
:101F300005B000BDC26942F00102C261C26902F08F
:101F400001020492826942F0040282618069029176
:101F500000F0040004900320009069460748FFF752
:101F600037F9002211461C20FFF7A0FA1C20DDE7FC
:101F70000010024000080040000C01400008014031
:101F800070B590F83E60044690F83F5090F84230AB
:101F900090F84320022021B104290ED0012E1BD13C
:101FA00014E0012E18D1012B16D184F83E0084F8DC
:101FB000420001220021206820E0012D0CD1012ADD
:101FC0000AD184F83F0084F8430014E0012D03D1C6
:101FD000012B01D1012A01D0012070BD84F83E00FF
:101FE00084F83F0084F8420084F843000122002175
:101FF000206801F0A5FD01220421206801F0A0FD68
:102000002068016841F001010160002070BD704747
:102010002DE9F04104460068C66805694FF00007E5
:10202000A90713D5B10711D5F91E01610120207749
:10203000206880698007204602D0FFF7E8FF04E0AF
:1020400000F0A4F8204600F036F92777680716D587
:10205000700714D521686FF0040008610220207712
:102060002068806910F4407F204602D0FFF7CFFF40
:1020700004E000F08BF8204600F01DF927772807D0
:1020800015D5300713D521686FF0080008610420CA
:1020900020772068C0698007204602D0FFF7B7FF8D
:1020A00004E000F073F8204600F005F92777E80611
:1020B00016D5F00614D521686FF0100008610820CD
:1020C00020772068C06910F4407F204602D0FFF7D7
:1020D0009EFF04E000F05AF8204600F0ECF8277765
:1020E000E80708D0F00706D021686FF0010008610A
:1020F000204600F02FF9280608D5300606D52168BD
:102100006FF0800008612046FFF74AFD680608D599
:10211000700606D521686FF040000861204600F087
:10212000B7F9A8060AD5B00608D521686FF02000D7
:1021300008612046BDE8F041FFF733BDBDE8F081FE
:1021400000B585B0002100910191029103910068D2
:102150000B49884212D10B48816941F00401816129
:102160008069694600F0040004904FF4106000900C
:102170000220019003900448FFF72AF805B000BD43
:10218000002C01400010024000080140704770B56B
:10219000044690F83C0000260D4601280FD001208F
:1021A00084F83C006AB1042A1DD0082A2FD00C2ADA
:1021B0003FD00126002084F83C00304670BD02204C
:1021C00070BD206801F0DCFC2068816941F00801E5
:1021D00081612068816921F0040181612068816941
:1021E0002A69114311E0206801F0F2FC206881693E
:1021F00041F4006181612068816921F4806181611D
:10220000206881692A6941EA02218161D2E7206858
:1022100001F00AFD2068C16941F00801C161206830
:10222000C16921F00401C1612068C1692A691143B3
:1022300011E0206801F024FD2068C16941F40061CB
:10224000C1612068C16921F48061C1612068C169F0
:102250002A6941EA0221C161ACE710B5040003D04C
:1022600094F83D0010B107E0012010BD002084F873
:102270003C00204600F01EF8022084F83D00211D9D
:10228000206801F021FC012084F8460084F83E001B
:1022900084F83F0084F8400084F8410084F842004C
:1022A00084F8430084F8440084F8450084F83D0035
:1022B000002010BD7047704710B50446022249B196
:1022C00004290ED0082913D094F84100012816D013
:1022D000012010BD94F83E000128F9D184F83E2079
:1022E0000FE094F83F000128F2D184F83F2008E085
:1022F00094F840000128EBD184F8402001E084F8F4
:1023000041200122206801F01BFC0F49206888420F
:1023100003D1426C42F4004242642068884208D0F3
:10232000B0F1804F05D00949884202D0084988425F
:1023300004D1816801F00701062903D0016841F04A
:1023400001010160002010BD002C0140000400408C
:10235000000800402DE9F05F414988427DD1414CA1
:102360002078401CC6B20520B6FBF0F100FB1160DE
:1023700026700025F0BB3C480268506A3B4900B219
:1023800060800B685B6A1FB2A780556209684D6266
:102390004042FEF7A1F9DFF8D8A05146FDF781FFD2
:1023A000FEF7E2F9DFF8CC804FF0333B5A46434664
:1023B000FEF70CF9DFF8C09000224B46FEF706F955
:1023C000AA1EFEF772F9FEF7FBF9A0603846FEF789
:1023D00083F95146FDF765FFFEF7C6F95A464346B5
:1023E000FEF7F4F800224B46FEF7F0F8AA1EFEF7BF
:1023F0005CF900E002E0FEF7E3F9E0600A20B6FBDA
:10240000F0F100FB1160002827D1A068FEF7ACF9BD
:102410001A4A1B4BFEF768F800221A4BFEF764F8C5
:1024200006460F462069FEF79FF932463B46FDF708
:10243000B4FFFEF7C5F920611348E16801F0C8FA5E
:10244000FEF765F906461148A16801F0C1FAFEF7EA
:102450005EF9314601F0F8F82570BDE8F09F000004
:102460004001002040000020D00100208801002011
:102470000000C84233332340000026407B14AE479F
:10248000E17A943F000036401C040020FC03002049
:1024900070477047006882B00168C943090708D4D3
:1024A00001684068009001220349044802B000F02E
:1024B00061BA02B070470000040000206C020020E6
:1024C000F8B5016804460868CA684B6910F00F0F38
:1024D0004FF0000559D003F0010602F4907737431E
:1024E00065D0C10705D0D10503D5616C41F001016C
:1024F0006164410705D5D90703D0616C41F0020141
:102500006164810705D5D90703D0616C41F00401EE
:102510006164010707D502F02001314303D0616CEB
:1025200041F008016164616C00293AD0800604D54D
:10253000900602D5204601F017FC20684069616CC6
:10254000C0F38010090700D460B3204601F0E5FB1A
:1025500020684069400621D52068143050E8001FEB
:1025600021F0400140E80012002AF5D1E06BA8B14B
:102570006D494163E06BFEF78BFD002811D0E06BE5
:10258000416B01B0BDE8F040084783060FD59306C4
:102590000DD52046BDE8F84001F0E6BB2046FFF728
:1025A00079FFF8BD2046FFF775FF6564F8BD266B1F
:1025B0002023012E7CD1C6067AD5D60678D50868A8
:1025C0004868009048694FF00206400640D5E16B2C
:1025D000086840680004000CE8D0A28D8242E5D96A
:1025E000E085886920282DD020680C3050E8001F35
:1025F00021F4807140E80012002AF5D120681430DF
:1026000050E8001F21F0010140E80012002AF5D136
:102610002068143050E8001F21F0400140E800120B
:10262000002AF5D184F84230256320680C3050E848
:10263000001F21F0100140E80012002AF5D1E06BE4
:10264000FEF702FD6663A08DE18D401A81B22AE09B
:10265000A08DE18D401A81B2E08D0028A6D000291E
:10266000A4D022680C3252E8000F20F4907042E8A7
:102670000007002FF5D12068143050E8002F22F019
:10268000010240E80027002FF5D184F8423025638D
:1026900020680C3050E8002F22F0100240E80023A0
:1026A000002BF5D166632046FFF7F3FEF8BDFFE788
:1026B00005062BD5150629D594F841002128F5D11A
:1026C000A068B0F5805F01D12069B0B1206A411CDB
:1026D0002162216800784860E08C401E0004000CF4
:1026E000E084E3D12068C16821F08001C1602068E6
:1026F000C16841F04001C160D8E7206A0088C0F39A
:1027000008004860206A801C2062E5E74006CDD5BD
:102710005006CBD5CA68204622F04002CA6084F831
:10272000413000F025FAC1E70B3D000870B5040008
:1027300004D094F84100002510B106E0012070BDDE
:1027400084F84050204600F023F8242084F841000B
:102750002068C16821F40051C160204601F066FB89
:102760002068016921F4904101612068416921F0EC
:102770002A0141612068C16841F40051C16065646B
:10278000202084F8410084F842006563002070BD79
:10279000F0B585B00024009401940294039403687A
:1027A000424F022042490322424D4602BB4225D1FC
:1027B0008B6943F480438B618B6903F480430493FA
:1027C0008B6943F004038B618969039201F0040172
:1027D00004910102CDE9001069462846FEF7F8FC95
:1027E000CDE90064694628460294FEF7F1FC002218
:1027F00011462520FEF75AFE252028E02E4FBB4229
:1028000029D1CB6943F40033CB61CB6903F40033A6
:1028100004938B6943F004038B618969039201F08F
:10282000040104910421CDE9001069462846FEF711
:10283000CFFC0820CDE90004694628460294FEF743
:10284000C7FC002211462620FEF730FE2620FEF7A8
:102850001FFE05B0F0BD194DAB42FAD1CB6943F470
:102860008023CB61CB6903F4802304938B6943F00D
:1028700008038B618969124D01F00801CDE903213C
:10288000CDE9006069462846FEF7A2FCE814CDE9D0
:102890000004694628460294FEF79AFC002211467D
:1028A0002720FEF703FE2720D1E700000038014073
:1028B0000010024000080140004400400048004071
:1028C000000C01402DE9F84F044690F842009A466A
:1028D00016460D46202802D00220BDE8F88FB5B17B
:1028E000AEB100206064222184F842102063FEF71C
:1028F00071FDA6858146E685A0684FF480582027A3
:10290000404501D1206920B12E46002529E0012053
:10291000E3E7002625E04B46002220212046CDF8A3
:1029200000A001F0FAFA18B184F842700320D4E74D
:1029300026B1A06840451AD038B108E02068406848
:10294000C0F3080025F8020B08E0206978B1206880
:10295000406800F07F0000BF06F8010BE08D401ECC
:10296000E085E08D0028D6D184F84270B5E7206874
:102970004068F1E790F84230202B01D002207047E8
:1029800021B11AB10023036301F0ACBA01207047F2
:102990002DE9F04706464248864270D1414C424FED
:1029A000424D20784FF00109572805D187F8009053
:1029B0002968084600F082FE20784FF0000853286E
:1029C00007D187F80080286880F00041084600F0B1
:1029D00075FE2078502803D10021084600F06EFED5
:1029E0002078DFF8CCA0442807D128685146074654
:1029F000FDF789FC394600F061FE2078412808D1B6
:102A0000286851460546FDF77EFC0146284600F041
:102A100055FE20782B2801D100F0CEFD20782D28FE
:102A200001D100F0EDFD22782249234C282A07D05D
:102A3000292A0CD021484D2A11D0422A18D019E059
:102A40001F4A2068904215DAFDF7D3FB05E01D4AC6
:102A5000206890420ED2FDF71EFC20600AE001784B
:102A6000062902D0491C017004E080F8009001E0C2
:102A700080F8008001220B490948FFF77BFF1248CC
:102A800086420AD11148007804F040FEBDE8F047C4
:102A900001220E490C48FFF76DBFBDE8F08700002A
:102AA000B402002003000020640000206800002021
:102AB000000040400000B4427C04002002000020DE
:102AC0000000B2420000B2C26C02002004000020EC
:102AD0002DE9F843044690F84100984616460D4605
:102AE000202802D00220BDE8F88385B17EB1002005
:102AF0006064212084F84100FEF76CFCA6848146C6
:102B0000E684A0682027B0F5805F02D003E00120B2
:102B1000E9E7206910B12E4600250EE000260CE002
:102B20008021204601F0F9F9A8B9C6B116F8010BC9
:102B300021684860E08C401EE084E08C4B464FF0FA
:102B40000002CDF800800028EAD14FF04001204675
:102B500001F0E3F940B184F841700320C3E735F890
:102B6000020BC0F30800E3E784F841700020BAE7E5
:102B700070470000064908B50968064AC908B1FB54
:102B8000F2F14143009100BF491E0091FBD208BD04
:102B90006000002040420F0070B5204D002401224B
:102BA00020212846FEF711FC0F20FFF7E3FF00224B
:102BB00020212846FEF709FC194E1A4D07E0012096
:102BC000641CFFF7D7FFB44201D9174870BD4021FC
:102BD0002846FEF7EDFB0028F1D0002408E0012094
:102BE000641CFFF7C7FFB44202D94FF0404070BDEC
:102BF00040212846FEF7DCFB0128F0D06000FDF7FD
:102C000079FD0A4A0A4BFDF76FFC4FF0FF32FDF7E2
:102C10004CFDBDE87040FDF7D3BD0000000C014045
:102C2000A086010000080140000080BF4C378941A8
:102C300060E5A03FFEE700002DE9F04101220C4DC8
:102C4000D40321462846FEF7C0FB0122094F160394
:102C500031463846FEF7B9FB002231463846FEF7CA
:102C6000B4FB21462846BDE8F0410022FEF7ADBB8B
:102C700000080140000C014070B50122D103094851
:102C8000FEF7A3FB084D4FF480540022214628464E
:102C9000FEF79BFB21462846BDE870400122FEF767
:102CA00094BB000000080140000C014070B50122F7
:102CB000064DD40321462846FEF787FB21462846C9
:102CC000BDE870400022FEF780BB00000008014014
:102CD00070B5144D4FF48074002221462846FEF74B
:102CE00074FB2A1D106820F0F0001060106840F09E
:102CF00030001060002261002846FEF766FB0220CB
:102D000004F060FC012221462846FEF75EFB02200B
:102D100004F058FC21462846BDE870400022FEF72A
:102D200054BB0000000C01407047000070B5144D0A
:102D30004FF48074002221462846FEF746FB2A1DE8
:102D4000106820F0F0001060106840F03000106053
:102D5000012251022846FEF738FB022004F032FC23
:102D6000012221462846FEF730FB022004F02AFC0F
:102D700021462846BDE870400022FEF726BB000031
:102D8000000C01402DE9F04780461B4800240168F3
:102D900021F0F0010160016841F0800101608615B9
:102DA0002546071F4FF40079002231463846FEF7CA
:102DB0000CFB022004F006FC012231463846FEF7E7
:102DC00004FB6006040E49463846FEF7F1FA08B1E6
:102DD000641CE4B2022004F0F5FB6D1CEDB2082D7A
:102DE000E2D3B8F1000F04D0FFF772FF2046BDE830
:102DF000F087FFF79BFFF9E7040C01402DE9F04154
:102E000005461A48016821F0F0010160016841F0AF
:102E1000300101608615071F002231463846FEF753
:102E2000D4FA00244FF40078280601D5012200E0EE
:102E3000002241463846FEF7C8FA6806050E012210
:102E400031463846FEF7C1FA022004F0BBFB0022EF
:102E500031463846FEF7B9FA022004F0B3FB641C91
:102E6000E4B2082CE0D3BDE8F0810000040C01407E
:102E700070B51448016821F0F0010160016841F06B
:102E8000300101604415051F012221462846FEF746
:102E90009CFA0122160231462846FEF796FA0220D5
:102EA00004F090FB002221462846FEF78EFA02200D
:102EB00004F088FB31462846BDE870400022FEF74A
:102EC00084BA0000040C014070B51448016821F078
:102ED000F0010160016841F0300101608415051FB7
:102EE000002221462846FEF770FA6600002231468D
:102EF0002846FEF76AFA022004F064FB012221460C
:102F00002846FEF762FA012231462846FEF75DFAAE
:102F1000BDE87040022004F055BB0000040C0140E5
:102F20002DE9F04119480024016821F0F001016009
:102F3000016841F0800101604615051F01223146FC
:102F40002846FEF742FA022004F03CFB0122170259
:102F500039462846FEF739FA022004F033FB08E030
:102F6000641CE4B2FA2C04D9FFF7AEFF0120BDE8DF
:102F7000F08131462846FEF71BFA0028F0D10022E6
:102F800039462846FEF721FA0020F0E7040C0140FC
:102F900010B5FFF7C9FE80216B2000F0C0F8642057
:102FA000FEF7C2F800216B2000F0B9F8032000F012
:102FB00082F8002000F07AF8322000F099F8002121
:102FC000382000F0ACF800216A2000F0A8F80021B9
:102FD000232000F0A4F88021372000F0A0F875200D
:102FE00000F011F8682801D0012010BD01216B20EC
:102FF00000F095F800216C2000F091F8322000F0EC
:1030000077F8002010BD10B50446FFF731FFD0203F
:10301000FFF7F4FEFFF784FF2046FFF7EFFEFFF710
:103020007FFFFFF725FFD120FFF7E8FEFFF778FFCE
:103030000020FFF7A7FE0446FFF746FF204610BD1D
:103040002DE9F0411D4614460F460646FFF710FFD6
:103050007006000EFFF7D2FEFFF762FF20B1FFF708
:1030600033FF0120BDE8F0813846FFF7C7FEFFF7C8
:1030700057FFFFF7FDFE012000EB4600C0B2FFF74F
:10308000BDFEFFF74DFF09E0012C0DD05FF0010000
:10309000FFF778FE641E05F8010BE4B2002CF3D1B3
:1030A000FFF712FF0020DDE70020F1E7C006010E68
:1030B0001C2000F034B8C006010E1B2000F02FB811
:1030C000BC2801D3012110E0622801D302210CE0C9
:1030D0002A2801D3032108E0142801D3042104E0A5
:1030E0000A2801D3052100E006211A2000F017B8B4
:1030F00010B504464FF47A70844201D9044602E0C8
:10310000042C00D20424B0FBF4F0401EC1B21920FC
:1031100000F005F86008BDE81040FFF7D1BF70B5BA
:103120000C460546FFF7A4FED020FFF767FEFFF729
:10313000F7FE50B92846FFF761FEFFF7F1FE204683
:10314000FFF75CFEFFF7ECFE18B1FFF7BDFE0120B4
:1031500070BDFFF7B9FE002070BD2DE9F0411E469D
:1031600015460F460446FFF783FE6006000EFFF784
:1031700045FEFFF7D5FE60B93846FFF73FFEFFF783
:10318000CFFE00240CE0305DFFF738FEFFF7C8FEED
:1031900020B1FFF799FE0120BDE8F081641CE4B284
:1031A000AC42F0D3FFF790FE0020F5E73EB50021DA
:1031B0001148009101910F4A0291026081600173F0
:1031C000017501244FF460220461C2614160FDF782
:1031D00083FD08B1FDF7FBFC0420CDE900040220CB
:1031E000029069460448FDF7F5FC002801D0FDF780
:1031F000EEFC3EBD00280140100100202DE9F04703
:1032000086B000244E48009401940294039481698E
:1032100041F010018161816901F01001049181691F
:1032200041F020018161816901F0200104918169EF
:1032300041F004018161816901F004010491816917
:1032400041F00801816180693E4F00F008004FF4B1
:1032500000550490002229463846FEF7B6F8DFF8FC
:10326000E8A001224FF498515046FEF7AEF8002234
:1032700042F228015046FEF7A8F8DFF8D0904FF44C
:103280000048012241464846FEF79FF80095022675
:1032900001250396CDE9015469463846FDF798FFAC
:1032A000E020CDE90004694648460294FDF790FF0E
:1032B0000320CDE90004694650460294FDF788FFDB
:1032C0002F03CDE90075CDE9025669465046FDF75A
:1032D0007FFF42F22830CDE90005CDE9024669467C
:1032E0005046FDF775FF1A480097CDE9010569467C
:1032F0004846FDF76DFFCDE90085CDE902566946E8
:103300004846FDF765FF102000901248CDE9010600
:1033100069465046FDF75CFF002202210A20FEF7B5
:10332000C5F80A20FEF7B4F8002202212820FEF793
:10333000BDF82820FEF7ACF806B0BDE8F087000025
:103340000010024000100140000C01400008014044
:10335000000021100000111010B596B000240F9449
:1033600010941194129413941C2168461494FCF741
:1033700021FF202107A8FCF71DFF2D482B490160E4
:1033800040F29F51C0E901146321C0E90314802178
:10339000C0E90541FEF764FC08B1FDF718FC4FF4E5
:1033A00080500F900FA92248FEF7D2FC08B1FDF71C
:1033B0000EFC1F48FEF751FF08B1FDF708FC1394FF
:1033C00013A91B481494FEF717FC08B1FDF7FFFB87
:1033D000602000903220CDE9010403940494059408
:1033E0000022694612480694FEF7D1FE08B1FDF7A7
:1033F000EEFB0C2269460E48FEF7C9FE08B1FDF748
:10340000E6FB0794089409944FF400500A94CDE920
:103410000B4007A906480E94FEF7C4FB08B1FDF760
:10342000D6FB0348FEF78CFE16B010BD002C014001
:103430004001002010B58CB024216846FCF7BAFE8C
:103440000024164809944FF080410A94C0E9001402
:103450004FF6FF71C0E90241046184610320CDE9A8
:1034600000040120CDE9020406210491CDE90540C4
:10347000CDE9074169460948FEF7D8FC08B1FDF7D8
:10348000A6FB099409A905480A94FEF7B5FB002894
:1034900001D0FDF79CFB0CB010BD0000880100209E
:1034A00010B58CB024216846FCF784FE0024164831
:1034B000099414490A94C0E900144FF6FF71C0E959
:1034C0000241046184610320CDE900040120CDE9BB
:1034D000020406210491CDE90540CDE90741694682
:1034E0000948FEF7A3FC08B1FDF771FB099409A98F
:1034F00005480A94FEF780FB002801D0FDF767FB22
:103500000CB010BD00080040D00100200C4810B5E0
:103510000A4901604FF4E1314160002181600C22D1
:10352000C160C0E904128161C161FFF7FFF80028A2
:1035300003D0BDE81040FDF74ABB10BD0038014084
:10354000240200200C4810B50A4901604FF4E13113
:103550004160002181600C22C160C0E904128161D8
:10356000C161FFF7E3F8002803D0BDE81040FDF784
:103570002EBB10BD004400406C0200200C4810B56A
:103580000A4901604FF4E1314160002181600C2261
:10359000C160C0E904128161C161FFF7C7F800286A
:1035A00003D0BDE81040FDF712BB10BD004800403D
:1035B000B4020020FEE7000010B50D4C0D49606814
:1035C000884208DAFDF7D0F80B4A0C4BFCF7E5FE11
:1035D000FDF7F6F86060207810B16168084603E0F6
:1035E000606880F000400146BDE8104000F066B819
:1035F00064000020CDCC4C409A9999999999E93F63
:1036000010B50D4C0D496068884208DBFDF7ACF839
:103610000B4A0C4BFCF762FFFDF7D2F86060207894
:1036200010B16168084603E0606880F00040014620
:10363000BDE8104000F042B864000020CDCC4C3F03
:103640009A9999999999E93F70B51A4E0C46051EB9
:1036500001DD012200E0002208213046FDF7B5FE21
:103660004FF40051002C01DD012200E00022304621
:10367000FDF7ABFE10486FF06201002D04DA8D42B9
:1036800000DA0D466A4204E0632D00DD6325C5F1D2
:10369000640203685A63002C04DA8C4200DA0C4698
:1036A000614204E0632C00DD6324C4F1640100681E
:1036B000016470BD000C0140400100200C4A10B5AF
:1036C00010600C4801600C4801680A4800F080F95D
:1036D000FDF71DF8044609480168054800F078F92F
:1036E000FDF715F82146BDE81040FFF7ADBF00001B
:1036F000FC0300201C0400204C0000204800002097
:10370000FEE770B50024002104F1B00000F0FDF8E0
:103710000021084600F0F9F80021102000F0F5F82B
:1037200000250121002000F0F0F86D1CEDB2802D85
:10373000F7D3641CE4B2082CE5D370BD10B54FF488
:103740004870FDF7F1FC0021AE2000F0DEF800210A
:10375000084600F0DAF80021102000F0D6F8002129
:10376000402000F0D2F80021B02000F0CEF8002177
:10377000812000F0CAF80021FF2000F0C6F80021E7
:10378000A12000F0C2F80021A62000F0BEF8002120
:10379000A82000F0BAF800213F2000F0B6F8002180
:1037A000C82000F0B2F80021D32000F0AEF80021CC
:1037B000084600F0AAF80021D52000F0A6F8002164
:1037C000802000F0A2F80021D82000F09EF800210F
:1037D000052000F09AF80021D92000F096F8002189
:1037E000F12000F092F80021DA2000F08EF800219C
:1037F000122000F08AF80021DB2000F086F800217A
:10380000302000F082F800218D2000F07EF80021A9
:10381000142000F07AF80021BDE81040AF2000F03D
:1038200074B810B50A460446002102F1B00000F059
:103830006CF8102040EA1410002100F066F804F043
:103840000F00BDE81040002100F05FB82DE9F04105
:10385000203A00240D468046D6B27F2803D90020A6
:103860008D1C8046EDB2102B294610D0FFF7D9FFF2
:10387000164906EB460001EB40050121285D00F0EA
:1038800044F8641CE4B2062CF7D3BDE8F081FFF7DE
:10389000C8FF0F4F04EB06100121385C00F035F82B
:1038A000641CE4B2082CF5D36D1CE9B24046FFF766
:1038B000B8FF002404EB061038440121007A00F020
:1038C00024F8641CE4B2082CF4D3DEE77C7800080A
:1038D000A47A00082DE9F041984617460E460446A2
:1038E00000250DE0434631462046FFF7AFFF083480
:1038F000E4B2782C02D90024B61CF6B26D1CEDB2ED
:103900007A5D002AEED1BDE8F081C0B209B100F0C5
:10391000B6BB00F09DBB00002249002001F1100C55
:10392000486008608860204A204BC8608CE80D0021
:10393000C861203101F1100C486008608860C860DF
:103940008CE80D00C86120315A42486008608860E8
:10395000C860C1E90402164A1C4BC1E906022031C5
:10396000144AC1E900208860134AC860C1E9040212
:10397000124A8A61124ACA612031124A48600860BC
:103980008860C860C1E904020F4AC1E9060220311B
:10399000486008608860C860C1E90403C1E90602A4
:1039A00070470000FC030020000020410000404060
:1039B000CDCC4C3F0000C841000080BE6F1283BADE
:1039C0006F12833A0AD7A33CCDCCCC3DCDCCCCBE34
:1039D0002DE9F04104460068FCF75DFC0546A06057
:1039E00029462069FCF705FC206107462846E16866
:1039F000FCF751FCE169FCF754FC06463946A06926
:103A0000FCF74FFC074629466069FCF74AFC39463B
:103A1000FCF7EFFB3146FCF7ECFBE5606060BDE8CE
:103A2000F08170477047FDF7DBBC30B593B02821BB
:103A30006846FCF7BFFB14210AA8FCF7BBFB002576
:103A400001200F9510951195010412958DE8230022
:103A500004904FF4E010CDE9081002240794684662
:103A6000FDF7FAFE08B172B6FEE70AA90F2081E859
:103A700031004FF48060CDE90D0502210AA8FDF761
:103A80000FFE08B172B6FEE74FF4004011900F949C
:103A90000FA8FDF78FFD002801D072B6FEE713B026
:103AA00030BD70470148FEF7B3BA00004001002066
:103AB0000148FEF7ADBA0000880100200148FEF77A
:103AC000A7BA0000D0010020F0B50268194B1A4CCB
:103AD0001A4D4FF08047984205D0B84203D0A0421B
:103AE00001D0A84203D122F070064A6832439842BE
:103AF00005D0B84203D0A04201D0A84203D122F49D
:103B00004074CA6822434C6922F08002224302605A
:103B10008A68C2620A688262984201D109690163B7
:103B2000012141610169C90703D0016921F0010147
:103B30000161F0BD002C014000040040000800407D
:103B400010B501F01F030121046A99408C430462FF
:103B5000016A9A401143016210BD10B5846842EABF
:103B6000032224F47F440A432243826010BD82680A
:103B700022F070020A4342F00701816070470000A2
:103B800030B5036A026A22F0010202624268846967
:103B900024F073050C682C4323F002058B682B433B
:103BA0000A4DA8420BD123F00805CB6822F44072DD
:103BB0002B434D6923F0040315438A692A4342606D
:103BC000846149684163036230BD0000002C0140FC
:103BD00030B5026A036A23F0100303624368846904
:103BE0000D6824F4E64444EA05248D6822F020029E
:103BF00042EA05120B4DA8420ED1CD6822F0800298
:103C000042EA05124D6923F4406343EA85038D6956
:103C100022F0400243EA850343608461496881637E
:103C2000026230BD002C014030B5036A026A22F402
:103C3000807202624268C46923F4007324F0730541
:103C40000C682C438D6843EA05230C4DA8420ED125
:103C5000CD6823F4006343EA05234D6922F4405202
:103C600042EA05128D6923F4806342EA051242603C
:103C7000C4614968C163036230BD0000002C01408B
:103C800030B5046A026A22F4805202624268C36953
:103C90000D6823F4E64343EA05238D6824F40054B9
:103CA00044EA0534064DA84204D14D6922F480420D
:103CB00042EA85124260C36149680164046230BD12
:103CC000002C014010B5036A046A24F00104046268
:103CD000846924F0F00444EA021423F00A020A433F
:103CE0008461026210BD10B5036A046A24F01004F6
:103CF0000462846923F0A00324F4704444EA02328D
:103D000043EA01118261016210BD10B5406A0021D1
:103D1000C185C184FEF7BEFB10BD01680C3151E8BE
:103D2000002F22F4907241E80023002BF5D10168A6
:103D3000143151E8002F22F0010241E80023002B4A
:103D4000F5D1016B012909D101680C3151E8002F2F
:103D500022F0100241E80023002BF5D1202180F849
:103D6000421000210163704708B590F842102229E3
:103D700001D0022008BD82684FF480539A4201D1DD
:103D8000016921B1816A9A421BD04AB10AE00268F6
:103D9000816A5268C2F308020A80816A891C08E0BD
:103DA000026972B10268526802F07F020A70816A89
:103DB000491C8162C18D491E0904090CC18503D0CB
:103DC0001BE002685268F1E70168CA6822F020022D
:103DD000CA600168CA6822F48072CA6001684A69D0
:103DE00022F001024A61202180F842100021416343
:103DF000026B012A03D0FEF7CBFD002008BD016352
:103E000001680C3151E8002F22F0100241E8002334
:103E1000002BF5D101680A68D20602D50A68496804
:103E20000091818DFEF735FBE7E7000070B5044691
:103E300000680169E26821F4405111430161216980
:103E4000A0680843616908432168CA6841F20C63AD
:103E50009A430243CA6020684169A26921F4407113
:103E6000114341611E492068884202D1FDF7BEFC22
:103E700001E0FDF7ABFC00EBC00101EB0012606854
:103E800064218000B2FBF0F3B3FBF1F36FF018068E
:103E90007343B2FBF0F5B2FBF0F605EB830532237A
:103EA00003EB0515B5FBF1F5B6FBF1F605F0F005F2
:103EB00005EB0615B2FBF0F6B2FBF0F0B0FBF1F04B
:103EC0006FF01802504306EB800003EB0010B0FBCC
:103ED000F1F0216800F00F002844886070BD0000F8
:103EE0000038014081628285C2850021416422211F
:103EF00080F84210016921B10168CA6842F48072F9
:103F0000CA6001684A6942F001024A610068C168FA
:103F100041F02001C160002070472DE9F843984628
:103F200017460D460446089E24E0701C22D0FDF77B
:103F300051FAA0EB0800B0421AD8CEB12068C1688F
:103F4000490717D5802D15D0402D13D00168C943DE
:103F500009070FD401680025406800902046FFF74C
:103F6000DCFE0820606484F840500120BDE8F8833E
:103F70000320FBE72068006835EA000004D0002039
:103F8000B842D2D00020F1E70120F9E70D4810B582
:103F900000680068800610D50B4A5078FF2801D3CE
:103FA000002050700949C0B20144401C50704FF4C9
:103FB0007A7301220348FEF785FCBDE810400148F2
:103FC000FEF77EBA2402002040000020FC02002000
:103FD0000148FEF775BA00006C0200200148FEF7A8
:103FE0006FBA0000B4020020FEE700002DE9F047A0
:103FF000154E04464FF40047002239463046FDF77F
:10400000E4F9DFF8489000254FF4805804F0800070
:10401000802816D0002241464846FDF7D6F96006B2
:10402000040E012239463046FDF7CFF90022394609
:104030003046FDF7CAF96D1CEDB2082DE6D3BDE898
:10404000F0870122E7E7000000080140000C014072
:1040500010B50446FEF7F0FD7820FFF7C7FFFEF726
:1040600025FE0020FFF7C2FFFEF720FE2046FFF7E7
:10407000BDFFFEF71BFEBDE81040FEF7FDBD10B50D
:104080000446FEF7D9FD7820FFF7B0FFFEF70EFEDD
:104090004020FFF7ABFFFEF709FE2046FFF7A6FF23
:1040A000FEF704FEBDE81040FEF7E6BD0FB4054B79
:1040B00010B503A9044A029800F080F910BC5DF81D
:1040C00014FB0000115B0008A40000200FB4084B93
:1040D00010B504A902AA039800F070F9044602A9D9
:1040E000002000F002FD204610BC5DF814FB00002B
:1040F000EB4A0008490050EAC12018BF04204A0DCD
:1041000018BF40F0010040F2FF72B2EB515F08BFF0
:1041100040F00200012808BF052070470907090E7A
:10412000002804DB00F1E02080F80014704700F064
:104130000F0000F1E02080F8141D70472DE9F041D8
:104140004F1E00EBC7010446D1E9000115461E468B
:1041500037F006020DD02A463346FCF7C5F97F1E1C
:1041600004EBC703D3E90023FCF717F937F0060285
:10417000F1D1022F25D0042F13D0062F18BFBDE890
:10418000F0812A463346FCF7AFF9D4E90A23FCF75D
:1041900004F92A463346FCF7A7F9D4E90823FCF7CB
:1041A000FCF82A463346FCF79FF9D4E90623FCF7CE
:1041B000F4F82A463346FCF797F9D4E90423FCF7D0
:1041C000ECF82A463346FCF78FF9D4E90223FCF7D2
:1041D000E4F82A463346FCF787F9D4E90023BDE822
:1041E000F041FCF7DAB80122FCF75FBAFCF7D5B86A
:1041F0000022134610461146FCF7E8B9024A002097
:104200001107FCF752BA000001FDFFFF02E008C8E9
:10421000121F08C1002AFAD170477047002001E040
:1042200001C1121F002AFBD170470000014908603C
:1042300070470000A80000202DE9FF5F82B0002138
:10424000DDE90430020DDDF840B0034318D044F638
:104250001050A2F2FF3242431514119801281FD0CA
:10426000A5EB0B00401C5FEA000A4FF000064E4F22
:10427000DFF83891B046504615D5CAF1000413E076
:10428000119801244AA3012801D16FEA0B01029879
:10429000119AC0E90031C0E9024206B0BDE8F09FC2
:1042A000CBF10000DFE704460021404A491842EB09
:1042B0000450CDE9001012E0E00707D032463B463B
:1042C00040464946FCF710F98046894632463B464F
:1042D00010461946FCF708F906460F466410002CF4
:1042E000EAD1DDE90401DDE90023BAF1000F06DAC5
:1042F000FCF7FAF842464B46FCF7F6F805E0FCF707
:1043000065F942464B46FCF761F904460E46002229
:10431000284BFCF73DFA03D84FF0FF30014607E089
:104320000022254B20463146FCF737F8FCF760FBAE
:10433000102409E0002C0ADB0A220023FCF772FAA1
:10434000039B30321A55641E50EA0102F2D1641CFC
:10435000039AC4F111031444119A012A03D00122D3
:1043600008430DD10AE0084304D000204FF0110BA0
:10437000119072E7A3EB0B056D1E0DE05B4504DDAC
:104380004FF0000205F1010504E003DA4FF00002EE
:10439000A5F10105002AECD002981199C0E902317B
:1043A000C0E9004579E70000000014400000F03F3C
:1043B000300000000000F0430000E03F2DE9FF4F17
:1043C00095B09B468946064600250FE2252877D101
:1043D00000242746F84A0121059400E0044316F81A
:1043E000013F203B01FA03F01042F7D130782A2830
:1043F00011D06FF02F033078A0F13002092A16D8BF
:10440000059A44F0020402EB820203EB42021044DC
:10441000761C0590EFE759F8042B0592002A03DA81
:10442000504244F40054059044F00204761C307865
:104430002E2816D116F8010F44F004042A280DD0B6
:104440006FF02F023078A0F13003092B09D807EB69
:10445000870302EB4303C718761CF3E759F8047B84
:10446000761C30786C280FD006DC4C2817D06828D2
:104470000DD06A2814D104E0742810D07A280FD106
:104480000DE044F400140AE044F4801401E044F424
:1044900040147278824202D104F58014761C761C96
:1044A000307866280BD013DC582877D009DC002838
:1044B00075D04528F6D04628F4D047281AD19DE17A
:1044C00018E0632835D0642879D0652812D195E1A9
:1044D000702873D008DC6728F1D069286FD06E2867
:1044E0000DD06F2806D1B5E073282CD0752875D073
:1044F000782874D05A46179990476D1C75E1C4F31B
:104500000250022809D003280DD0D9F80010042841
:104510000DD00D6009F1040967E1D9F80010EA1720
:10452000C1E90052F6E7D9F800100D80F2E70D70EE
:10453000F0E719F8041B8DF8001000208DF8010039
:10454000EA46012003E059F804AB4FF0FF30610761
:104550004FF0000102D40DE008F101018846B94294
:104560000FDA8045F8DB1AF808100029F4D108E0CA
:1045700008F1010188468142FADB1AF80810002987
:10458000F6D105985B46A0EB080721463846179AF6
:1045900000F094FA284400EB080507E04DE029E11B
:1045A0000DE01AF8010B5A4617999047B8F1010827
:1045B000F7D25B4621463846179A13E142E00A22B9
:1045C0000092C4F302524FF0000A022A08D059F8B0
:1045D00004CB032A4FEAEC710AD00DE029E02AE06F
:1045E00009F1070121F00702F2E802C1914609E052
:1045F0000FFA8CFC4FEAEC71042A03D14FFA8CFCC1
:104600004FEAEC71002907DA0A460021DCF1000CC0
:1046100061EB02012D2202E0220504D52B228DF848
:104620000420012203E0E20701D02022F7E79046B0
:1046300059E00A2102E010220DE010214FF0000A9B
:1046400000910BE010224FF0000A44F00404082708
:10465000009203E008224FF0000A0092C4F30252D5
:10466000022A05D059F804CB0021032A08D009E01A
:1046700009F1070121F00702F2E802C1914605E0C5
:104680001FFA8CFC042A01D10CF0FF0C4FF000083B
:10469000220728D5702806D0009B83F0100353EA28
:1046A0000A0305D00EE040228DF80420012208E024
:1046B0005CEA010206D030228DF804208DF8050056
:1046C00002229046009B83F0080353EA0A030AD1B2
:1046D0005CEA010201D1620705D530228DF8042081
:1046E0004FF001087F1E582804D034A003900EA874
:1046F00002900DE036A0F9E753466046009AFCF7B9
:1047000091F884460398825C0298401E02900270E1
:104710005CEA0100F0D1029806A9081A00F1200A0B
:10472000600702D524F4803400E00127574502DDFC
:10473000A7EB0A0000E0002000EB0A0100900598BA
:104740004144401A0590E00306D45B462146179A7F
:10475000059800F0B3F90544002706E001A85A4681
:10476000C05D179990476D1C7F1C4745F6DBE00341
:104770000CD55B462146179A059800F09FF9054431
:1047800004E030205A46179990476D1C0099481E46
:1047900000900029F5DC08E0029802995A4600785A
:1047A000491C0291179990476D1CBAF10001AAF1BA
:1047B000010AF1DC65E100000928010030313233E3
:1047C000343536373839616263646566000000004D
:1047D0003031323334353637383941424344454637
:1047E0000000000000F058F90544761C30780028DD
:1047F0007FF4ECAD19B02846BDE8F08F620700D415
:10480000062709F1070222F0070CFCE80223E14623
:1048100003F000485FEA080C02D00FF2702C0DE0A4
:104820005FEA045C02D50FF2682C07E05FEAC47C03
:1048300002D00FF2602C01E0AFF2700C4FF0FF38A5
:1048400023F00043CDF850C065280CD006DC452885
:1048500009D046281DD047283DD13DE0662818D014
:1048600067287ED138E00021112F01DB112000E004
:10487000781CCDE9000106A90EA8FFF7DDFCDDE9F3
:104880000F010E9A03910021009207F1010A049191
:104890004DE04FF000400097CDE9011006A90EA8A9
:1048A000FFF7CAFCDDE90F0203920E9B119900226B
:1048B000DDF80CA00093049211B9791C00EB010AF9
:1048C000B7EB0A0004D4C0F1FF3007F1010A0490ED
:1048D000AAEB0700019044E0012F00DA0127002134
:1048E000112F01DD112000E03846CDE9000106A9B5
:1048F0000EA8FFF7A1FCDDE90F010E9A039100213C
:1049000004910092BA4621070CD40399514500DA6C
:104910008A46BAF1010F05DD009AAAF10101515C46
:10492000302908D0B84202DA10F1040F06DA01216A
:10493000CDE9011015E0AAF10101E9E7002805DC45
:10494000049901440491AAEB000102E0411C514585
:1049500000DD8A460499401A401C01904FF0004047
:104960000290200704D40198504501DBCDF8048063
:1049700000208DF84F0002980DF14F07B0F1004F65
:1049800025D02B200E9002984FF0020800280CDA58
:10499000404202902D200E9007E00A210298FBF77A
:1049A0002BFF3031029007F8011DB8F10001A8F18A
:1049B0000108F2DC02980028EFD1791E0E980870E9
:1049C000307800F0200040F0450007F8020D12A8F2
:1049D000C01B00F107081498007800B1012000EB1B
:1049E0000A01019801EBE07105984144401A401E0C
:1049F0000590E00306D45B462146179A059800F01F
:104A00005DF805441498007818B15A4617999047F4
:104A10006D1CE00324D55B462146179A059800F0EB
:104A20004DF805441CE00498002807DBDDE903018C
:104A3000884203DD0098405C179901E01799302007
:104A40005A469047049805F10105401C04900198CE
:104A5000401E019004D12E205A46179990476D1C94
:104A6000BAF10001AAF1010ADDDC05E017F8010B3B
:104A70005A46179990476D1CB8F10001A8F101083A
:104A8000F4DC5B462146179A0598ABE62D00000042
:104A90002B000000200000002DE9F0410446002515
:104AA0001E461746880404D405E039462020B04746
:104AB0006D1C641EF9D52846BDE8F0812DE9F04152
:104AC000044600251E469046C80301D5302700E065
:104AD0002027880404D505E041463846B0476D1CC0
:104AE000641EF9D52846BDE8F0810A68531C0B60A6
:104AF000107070472DE9FE4F07460E4600256846A8
:104B000001F012F800246FF00F0AE8464FF0010997
:104B100057F8240056F82410401A00D54042FBF7FD
:104B2000DBFD5146FBF72DFC58F8241011F0FF4F28
:104B30000BD0FBF7E8FB4FF07E51FBF7ACFB0A49CB
:104B400020F00040884205DC07E008490844084995
:104B5000884202D309FA04F00543641C032CD7DB16
:104B60002846BDE8FE8F0000295C0F3E666666C1E0
:104B70009A99D90010B51148FCF706FA32210F486E
:104B8000FCF764F908B10E4810BD0C48FCF7A0F81A
:104B9000FBF7ABFD6FF00B01FBF7F3FBFBF7E4FD5D
:104BA0004FF06632074BFBF79FFC0022064BFBF7EA
:104BB0009BFCBDE81040FBF703BE00001001002085
:104BC000000080BF66660A40000014402DE9F04DE9
:104BD0008D4F21F0004A86B005460C46BA452ADBC7
:104BE000AAEB070028430AD08848824501DC1AD185
:104BF000CDB106B02846BDE8F04DFFF7F4BA844ABF
:104C0000844B2846FBF770FC07460E46824A834BCE
:104C100028462146FBF768FC06B03A463346BDE815
:104C2000F04DFBF7BABB0120FFF700FB06B0BDE873
:104C3000F04DFFF7DDBA7A48824542DABAF1795F82
:104C40000BDA2846FFF756FA042808BFFFF7D6FA12
:104C5000284606B02146BDE8F08D2A460B46104690
:104C6000FBF742FC834602466E480E460B46062181
:104C70007844FFF763FA5A463346FBF735FC804623
:104C800069488A465A46334604217844FFF756FA63
:104C90005A463346FBF728FC00223B46FBF77DFBD8
:104CA00002460B4640465146FBF790FC2A462346F7
:104CB000FBF71AFC06B02A462346BDE8F04DFBF789
:104CC0006CBB284624F0004100223D463B46FBF7E2
:104CD00008FC4FF0FF32FBF7E8FC0646024653485B
:104CE0000F460B4606217844FFF728FA32463B462A
:104CF000FBF7FAFBCDE900014D4832463B46042163
:104D00007844FFF71BFA32463B46FBF7EDFB0022E7
:104D10002B46FBF742FB834602913046394602F0B0
:104D2000CFFC804643480D46504517DCDDE90001C5
:104D30005A46029BFBF74AFC42462B46FBF7D4FB44
:104D400042462B46FBF729FB0122FBF7AEFC304A1B
:104D5000304BFBF7C3FB304A304B4CE04FF0000ABE
:104D600052460B464046FBF718FBCDE9031052466E
:104D70002B4610461946FBF7B7FB32463B46FBF77E
:104D8000B0FBDDE90332FBF721FC06460F46DDE907
:104D900000015A46029BFBF719FC83460091012251
:104DA00030463946FBF781FC194A1A4BFBF799FB51
:104DB00006460F46012240462946FBF776FC5A4636
:104DC000009BFBF791FB32463B46FBF787FB064611
:104DD0000F46012250462946FBF767FC0E4DDFF8CF
:104DE00058802A464346FBF77CFB32463B46FBF79E
:104DF00078FB2A464346FBF774FB002CD8BF81F0B2
:104E0000004106B0BDE8F08D0000F03F0000F07FEB
:104E1000075C143326A6913C182D4454FB21F93F1E
:104E20000000E03F6C40000082400000F63F0000C0
:104E30000C4000003333EF3FFB21E93F2DE9F84FF1
:104E400004460D4621F0004000917349814211DC77
:104E50007249884201DC06D12CB120462946BDE8C2
:104E6000F84FFFF7C0B96E48002DCCBF6D496E49B1
:104E7000BDE8F88F6D49814211DD6D498142D8BF8F
:104E80004FF0FF366DDD20462946FFF733F9042841
:104E900008BFFFF7B3F920462946BDE8F88F6549FA
:104EA000654F25F00045814233DD6449814219DDBB
:104EB000002632464FF0804320462946FBF76DFA24
:104EC00080468A46012220462946FBF7EEFB002257
:104ED0003B46FBF703FB42465346FBF777FB044692
:104EE0000D463EE001260022BA463B4620462946B2
:104EF000FBF753FA80460F460022534620462946C8
:104F0000FBF7ECFA42463B46FBF760FB04460D46D6
:104F100027E04B4981421BDDDFF828A10226002251
:104F2000534620462946FBF7DFFA00223B46FBF7B3
:104F300034FA80460F460022534620462946FBF7A6
:104F4000CDFA42463B46FBF741FB04460D4608E0DE
:104F5000032622462B4600203B49FBF737FB04463D
:104F60000D4622462B4610461946FBF7BDFA8B46E6
:104F7000824602460B46FBF7B7FA0746024633481D
:104F800088460B4606217844FFF7D8F852465B4620
:104F9000FBF7AAFA82462E488B463A46434605213D
:104FA0007844FFF7CBF83A464346FBF79DFA0246B2
:104FB0000B46002E504659460CDAFBF7EEF9224616
:104FC0002B46FBF791FA01B022462B46BDE8F04F85
:104FD000FBF787BAFBF7E1F922462B46FBF784FA89
:104FE0001C4A7A4402EBC603D3E90023FBF776FAA6
:104FF00022462B46FBF772FA174A7A4402EBC603A5
:10500000D3E90023FBF76DFA009A002AB8BF81F0BC
:105010000041BDE8F88F0000000010440000F07F60
:10502000182D4454FB21F93FFB21F9BF0000DC3F60
:105030000000203E0000F33F0000F03F0000E63F8C
:10504000008003400000F83F0000F0BF0E3E00006B
:10505000CC3D00006A3D0000323D00002DE9F04DDE
:105060009446CCF1000423F000464CEA0404524F6D
:1050700046EAD4749A46884621F00042BC4206D8DB
:10508000454240EA050442EAD474BC4204D9BDE872
:10509000F04D6246FFF7AAB8AAF14055A5F17F6529
:1050A00055EA0C040BD0022404EAAA74434DDFF83D
:1050B00010E144EAD87452EA000B04D00CE0BDE8D9
:1050C000F04DFFF7BBBE002C14BF012CBDE8F08DE6
:1050D000022C30D0032C32D056EA0C0B0AD0BE4240
:1050E00020D1BA4209D126F0804622F080423346D0
:1050F000114617E000291ADB25E0DFF8C8B0FB44B1
:10510000002C04BFDBE90001BDE8F08D012C02BFDB
:10511000DBE9000181F00041BDE8F08D022C0AD0EE
:10512000032C0CD0BA4212D1B8F1000F0BDA23488D
:105130002549BDE8F08D28462449BDE8F08D284674
:105140007146BDE8F08D1D482149BDE8F08D921BE8
:1051500012153C2AC4BF19481D490EDCBAF1000FD4
:10516000BEBF12F13C0F0020014606DB6246FBF792
:105170002DFA21F00041FFF761FE002C08BFBDE8C9
:10518000F08D012C04BF81F00041BDE8F08D114A83
:10519000114B022C07D0FBF7A1F92A46BDE8F04DD0
:1051A0000A4BFBF79BB9FBF799F92A46BDE8F04D8E
:1051B000064BFBF796B900000000F07F182D445411
:1051C000FB2109C0C63C0000FB21F9BFFB210940BF
:1051D000FB21F93F075C143326A6A13C08B560B15A
:1051E00020208DF8000028208DF8010030208DF857
:1051F000020038208DF8030004E0A3220421684651
:10520000FAF7D1FF6A46042140F69E2002F0B0F979
:1052100001F06EFE08BD00003EB5044602208DF888
:105220000000CA208DF80100E3208DF8020009205B
:105230008DF803006A460421682002F099F9A32042
:105240008DF80000610609D5C0218DF80110C82134
:105250008DF80210C2218DF8031005E08DF80100D1
:105260008DF802008DF8030014F4C07F09D0C4212A
:105270008DF80410CC218DF80510C6218DF806108C
:1052800005E08DF804008DF805008DF806008DF816
:1052900008008DF807008DF809006A460A2140F6DB
:1052A000A72002F065F9A0074FF0D80503D0202011
:1052B0008DF8000001E08DF800506A46012140F6AB
:1052C000B62002F055F9A00601D5012000E000202B
:1052D00000F08EF814F4C07F1ED0E0050AD5B2208D
:1052E0008DF800008B208DF80100B6208DF80200AB
:1052F0009B2009E0B0208DF8000080208DF801008F
:10530000B4208DF8020090208DF803006A46042135
:1053100040F6A22002F02CF9E1074FF40B6022D0F6
:10532000F8218DF800106A46012102F021F9FA21D6
:10533000072000F039FB072000F004FB012000F0FB
:1053400021FB642000F0C4FB4FF4FA7000F0D0FBA6
:10535000C821254800F0BEFA282000F0D3FA0A2020
:1053600000F0E0FA05E08DF800506A46012102F0F5
:10537000FFF8A00703D5D9208DF8000001E08DF8D3
:1053800000506A46012140F23D7002F0F1F86007DA
:1053900001D5012000E0002000F048F8E00601D52A
:1053A000012000E00020FFF719FF104D44F0080035
:1053B000688101F09DFD0020A873600601D50620DC
:1053C000A87314F4C07F02D0A87B801DA87314F0CA
:1053D000140F02D0A87B1030A873A00702D0A87BBE
:1053E000001DA87300203EBD09E3CA02BC040020D2
:1053F0000EB54FF4976310B106A107C901E008A2EA
:1054000007CA8DE807006A460921184602F0B0F87D
:105410000EBD0000B8AAB38DB4980D355D00000034
:10542000B8AAAAAAB088C3C5C700000008B560B171
:10543000C0208DF80000C2208DF80100C4208DF836
:105440000200C6208DF8030004E08B220421684688
:10545000FAF7A9FE6A46042140F6982002F088F87F
:1054600001F046FD08BD0000C8234FF480620249E8
:1054700040F6F63001F01EBCE48000082DE9FF4F35
:1054800089B01746DDE9165200244C4E8846814605
:105490002C80A246B07B694601F0B8FC4FF0FF3B80
:1054A00018B158460DB0BDE8F08F708910F0140F98
:1054B0003CD0009909BA21F0FF039DF803100B437B
:1054C0003B6001991B1409BA21F0FF029DF80710F7
:1054D0005B430A437A6002999DF80B4009BA21F0B8
:1054E000FF012143B960039C091424BA24F0FF0C86
:1054F0009DF80F4012144CEA040CC7F80CC04FEA98
:105500002C47494302FB023207FB071111441024C8
:10551000A1F17061B1F1007F04D901F0E9FCA5F8B7
:1055200000A0BEE7298841F48071298042066946BF
:1055300011D50A19A41D13885BBAA8F80030538846
:105540005BBAA8F80230928852BAA8F804202A88D8
:1055500042F008022A8010F4C07F11D00A19A41D5D
:1055600013885BBAA9F8003053885BBAA9F80230F7
:10557000928852BAA9F804202A8842F070022A8040
:10558000800716D00C44E07800F0C00500F03F0121
:105590006078C00706D0C80801F007013268491CCE
:1055A00002B190476078000703D5716809B1A80976
:1055B00088470C9801F0CAF8002073E7BC0400206B
:1055C0002DE9FF41044603A801F02AFABDF80C00BA
:1055D000410CC3032F48028902F00300550754F819
:1055E000200000D54042C2F3C105960654F825506C
:1055F00000D56D42C2F38116D20554F8264000D57D
:105600006442A0FB0367C21702FB037200FB012088
:10561000820042EA9670A5FB0367EA1702FB037259
:1056200005FB0122950045EA9672A4FB0367E51786
:1056300005FB037304FB01318B0043EA9671030EF3
:105640008DF80030030C8DF80130030A8DF802301C
:105650008DF80300100E8DF80400100C8DF8050075
:10566000100A8DF80600080E8DF80800080C8DF859
:105670000900080A8DF80A008DF807208DF80B1034
:105680006A460C214FF4257001F072FF04B0BDE8AA
:10569000F0810000BC04002030B5044613A285B0A0
:1056A00007CA8DE807004FF0FF35C82C16D8C82070
:1056B000B0FBF4F1491E080A8DF80C008DF80D10AE
:1056C00003AA022140F2162001F052FF30B96A46C7
:1056D0000C2140F6C12001F04BFF10B1284605B067
:1056E00030BD054884810020F9E70000FEF2ABC41C
:1056F000AAF1DFDFBBAFDFDFBC040020F8B5304923
:10570000098901F0030250F822404A0700D564429B
:10571000C1F3C1028B0650F8222000D55242C1F3DA
:10572000811350F82330C80500D55B42254984FB1E
:105730000140850045EA947082FB0142A40F44EACF
:10574000820483FB0121950F45EA8105010E8DF846
:105750000010010C8DF80110010A8DF802108DF86F
:1057600003006A4604214FF4747001F001FF4FF00A
:10577000FF3688B9200E8DF80000200C8DF801004E
:10578000200A8DF802008DF803406A4604214FF488
:10579000757001F0EDFE08B13046F8BD280E8DF8A9
:1057A0000000280C8DF80100280A8DF802008DF801
:1057B00003506A4604214FF4767001F0D9FEF8BD1B
:1057C000BC04002009E3CA022DE9FF4104463CA0C5
:1057D00004F00303006802903AA0006803903AA026
:1057E00006683AA0056802A8C15C8DF80010C4F3F1
:1057F000C101425C8DF80120C4F38112805C8DF8F8
:10580000020003A8C35C8DF80430415C8DF80510DC
:10581000805C8DF806006A46032140F2264001F0C4
:10582000A7FE4FF0FF37E0BB01AA032140F22A4058
:1058300001F09EFEA8BBCDE9006560070BD59DF881
:10584000000040F001008DF800009DF8040040F0D9
:1058500001008DF80400A0060BD59DF8010040F072
:1058600001008DF801009DF8050040F001008DF861
:105870000500E0050BD59DF8020040F001008DF811
:1058800002009DF8060040F001008DF806006A460F
:1058900003214FF4886001F06BFE10B901AA0321C7
:1058A00000E004E040F2314001F062FE18B13846F9
:1058B00004B0BDE8F081064804810020F8E700004C
:1058C0004CCD6C000CC92C0036567600264666007E
:1058D000BC0400204FF47A7290FBF2F008B5484304
:1058E000010E8DF80010010C8DF80110010A8DF8E1
:1058F00002108DF803006A4604214FF4AE7001F0E7
:1059000037FE08BD0521B0FBF1F008B5010A8DF89E
:1059100000108DF801006A4602214FF4AD7001F0CD
:1059200027FE08BD0521B0FBF1F008B5010A8DF88E
:1059300000108DF801006A4602214FF4AC7001F0AE
:1059400017FE08BD08B500218DF80010C10702D070
:1059500030218DF80010810705D59DF8001041F029
:105960000C018DF80010400705D59DF8000040F0AF
:1059700003008DF800006A4601214FF4A47001F085
:10598000F7FD08BD08B560B1042800D90420401E09
:105990008DF800006A46012140F24F1001F0E8FD49
:1059A00008BD0120F3E700002DE9FC410546400752
:1059B0004FF0FF367CD0B1F5C86F79D80846FAF7BA
:1059C00094FE3E49FAF79FFC074601A801F00AF849
:1059D0009DF80400022806D004280DD008282ED0F7
:1059E000102865D134E00E213846FAF7CAFCFAF7E0
:1059F000A7FE84B2324907E00D213846FAF7C1FC10
:105A0000FAF79EFE2F4984B23846FAF74AFCFAF7B5
:105A100097FE210A8DF8001080B28DF80140010A2E
:105A20008DF802108DF80300E8076C4620D022465E
:105A300002214FF4EA7001F09BFDC8BB11E00C217C
:105A40003846FAF79EFCFAF77BFE84B21E49DBE784
:105A50000B213846FAF795FCFAF772FE84B21B491F
:105A6000D2E7A21C02214FF4927001F081FDF8B937
:105A7000A8070DD56A4602214FF4EC7001F078FDBD
:105A8000B0B9A21C02214FF4947001F071FD78B9F5
:105A9000680710D56A4602214FF4EE7001F068FDE8
:105AA00030B9A21C02214FF4967001F061FD10B1D3
:105AB0003046BDE8FC810020FBE7000000004843C1
:105AC000000040460000C045000040450000C044C2
:105AD0000521B0FBF1F008B5010A8DF800108DF832
:105AE00001006A4602214FF4EF7001F041FD08BD4C
:105AF0000521B0FBF1F008B5010A8DF800108DF812
:105B000001006A4602214FF4ED7001F031FD08BD3D
:105B100013B54FF6FF73012269460248FCF7D8FF20
:105B200000981CBD240200202DE9FE4306462648AD
:105B300001AB042240680D210078FDF781FA10B115
:105B40000720BDE8FE839DF804101C2000EAD10266
:105B50009DF80710DFF87490C1F301131A438DF814
:105B600000209DF80520C1F3810300EAD2021A4308
:105B70008DF801209DF8062001F0030100EAD20013
:105B800008430024124F8DF80200A0466D46285DA0
:105B900010B146F824900AE046F824800DE000BFDA
:105BA00056F824003946FAF77CFB46F82400285DB5
:105BB000401E10F0FF002855F2D1641CE4B2032C03
:105BC000E5D30020BDE700006C0000207B14AE3E52
:105BD0001D5A843F2DE9FE4F05460120C14E8DF828
:105BE00000004FF000088DF8018030680C46174621
:105BF000817C70686B4602220078FDF7AEFA4FF0A8
:105C0000FF3A00287AD1C820FBF78EFA8DF8008081
:105C100030686B460122C17B70680078FDF79DFA01
:105C20000028EFD130686B46012241797068007816
:105C3000FDF793FA0028E5D130686B460122817C9C
:105C400070680078FDF789FA0028DBD130686B4670
:105C50000122C17D70680078FDF77FFA0028D1D15C
:105C600030686B460122017970680078FDF775FA9B
:105C70000028C7D14FF00C098DF8009030686B46B2
:105C80000122017970680078FDF767FA002835D1A4
:105C90000F20FBF749FAB06A6B460122407A8DF873
:105CA00000003068817870680078FDF756FA0028A7
:105CB00024D1B06A6B460122007A8DF8000030686A
:105CC000417870680078FDF748FA002873D1B06A0F
:105CD000807A0FB140F0E0008DF8000030686B462C
:105CE0000122817970680078FDF737FA002862D1C7
:105CF0002FB1B06AC07A40F0E00001E04AE018201D
:105D00008DF8000030686B460122C1797068007818
:105D1000FDF723FAF0BB17B1C820FBF705FA4020C6
:105D20008DF8000030686B460122017970680078B8
:105D3000FDF713FA70BB78208DF8000030686B46D1
:105D40000122417970680078FDF707FA10BB322014
:105D5000FBF7EAF98DF80080306847466B464179D9
:105D6000706801220078FDF7F8F998B93168706819
:105D7000B046897A00786B460222FDF761F948B98E
:105D8000BDF80000AF6040BAB0FBF9F06F60C6B27A
:105D90002F6000E00FE0A76067602760002739E010
:105DA000D8F80010D8F804006B46C97A00780C22A5
:105DB000FDF746F910B15046BDE8FE8FBDF8000072
:105DC000236840BA02B2BDF80200BDF804101A44BC
:105DD000226040BA626800B21044606049BAA068AC
:105DE00009B20844A060BDF806002B6840BA02B2B0
:105DF000BDF808001A4440BA01B2BDF80A002A6092
:105E00006A6840BA11446960A96800B208447F1CFE
:105E1000FFB2A860B742C3D328688322C117090420
:105E200041EA104100040023FAF77CF932460023CE
:105E3000FAF778F9286068688322C117090441EAF3
:105E4000104100040023FAF76DF932460023FAF7F7
:105E500069F96860A8688322C117090441EA104102
:105E600000040023FAF75EF932460023FAF75AF9E4
:105E7000A86020684FF40065C117090441EA104189
:105E800000042A460023FAF74DF932460023FAF7B8
:105E900049F9206060682A46C117090441EA1041A7
:105EA00000040023FAF73EF932460023FAF73AF9E4
:105EB0006060A0682A46C117090441EA1041000445
:105EC0000023FAF72FF932460023FAF72BF9A060E6
:105ED000002802DDA0F5803001E000F58030A060F0
:105EE000002069E76C0000202DE9F84F81462E481C
:105EF0008846002540686B46032200780D21FDF797
:105F00009FF810B10720BDE8F88F9DF8000000242D
:105F100000F01F008DF800009DF801006FF00F0BDE
:105F200000F01F008DF801009DF802006E4600F0A1
:105F30001F008DF802004FF0010A00BF59F824102D
:105F400058F82400081A00D54042FAF7C5FB594614
:105F5000FAF717FA0746305DC0B1144802E0144959
:105F6000FAF79FF9315D491E11F0FF013155F6D165
:105F700001463846FAF7C7F94FF07E51FAF78BF928
:105F80000C4920F00040884205DC07E00A4838440C
:105F9000B0F1D97F02D90AFA04F00543641C032C3E
:105FA000CCDB2846AFE700006C0000200000C841B1
:105FB00054E3853F295C0F3E0000E0BE00B5024679
:105FC00000F00DF80346D01C00F009F843EAC003C6
:105FD000901D00F004F843EA801080B200BD90F9F3
:105FE0000010002902DD4FF00000704702DA4FF088
:105FF0000400704790F90110002902DD4FF0010004
:10600000704702DA4FF00500704790F9020000284F
:1060100002DD4FF00200704702DA4FF006007047D1
:106020004FF00700704700001FB5FBF7E1F9FDF7DF
:10603000FCFCFDF7E3F8FDF769FAFDF78DF9FDF7D4
:10604000F9F9FDF72DFAFDF7B1F8FDF797FAFDF72D
:1060500079FAFDF773FBFDF754FBFDF75DFC4FF498
:10606000FA70FBF761F8FCF793FF00BFFCF790FFB5
:106070000028FBD100F064FC0028FBD10021FE4881
:10608000FCF71AF90C21FC48FCF716F93C21FB48F7
:10609000FBF776FF3C21FA48FBF772FFF748FBF766
:1060A0002BFEF748FBF728FEF348FBF725FEF548E3
:1060B0000068C16841F02001C1600122F249F34843
:1060C000FCF758FCF0490122491CF148FCF752FC4E
:1060D000EF480068416941F001014161EA4CDFF895
:1060E000B4B3DFF8B4834FF0000AE41EEBA1A2784A
:1060F000EC48FDF7EBFF0C23EA4A07210020FDF7EF
:10610000E9FBE8483230FAF760F8E64982B2322318
:106110003231DE48FCF7DCFCE248A278E2A1323002
:10612000FDF7D4FFA07800287ED100210846FDF7B6
:10613000C5FAE04F3868FAF717FBDFF87C9305469D
:106140000E46D9F80000FAF70FFBCDE900560B46D2
:106150000246DAA1D348FDF7B9FF00210C23D14A4A
:106160000846FDF7B7FBD9480068FAF7FDFA024682
:106170000B46D7A1CB48FDF7A9FF0C23C94A012143
:106180000020FDF7A7FBFEF7F5FCFAF7EDFA024653
:106190000B46D3A1C348FDF799FF0C23C14A022146
:1061A0000020FDF797FBFCF7F7FCFAF7DDFA024653
:1061B0000B46CFA1BB48FDF789FF0C23B94A032149
:1061C0000020FDF787FB206BFAF7CEFA05460E4656
:1061D000E06AFAF7C9FACDE9005602460B46C9A1B2
:1061E000B048FDF773FF0C23AE4A04210020FDF7F1
:1061F00071FB606BFAF7B8FA02460B46C6A1A948D4
:10620000FDF764FF0C23A74A05210020FDF762FB80
:106210003868FAF7A9FA05460E46D9F80000FAF7E9
:10622000A3FA02460B4600E07CE09E48CDE900560A
:10623000BCA13230FDF74AFF9A483230F9F7C5FF6A
:10624000984982B2322332319048FCF741FC9F4892
:106250000068FAF789FA024692480B46B6A1323036
:10626000FDF734FF8F483230F9F7AFFF8D4982B226
:10627000322332318548FCF72BFCFEF77BFCFAF722
:1062800073FA024687480B46AFA13230FDF71EFF76
:1062900084483230F9F799FF824982B23223323191
:1062A0007A48FCF715FCFCF777FCFAF75DFA024632
:1062B0007C480B468EA13230FDF708FF794832301A
:1062C000F9F783FF774982B2322332316F48FCF706
:1062D000FFFB6D4A3132111F081F00F063FA0028DE
:1062E000F7D1606BFAF740FA07468946206BFAF758
:1062F0003BFA05460E46E06AFAF736FA02468DE8A2
:10630000E00268480B4694A13230FDF7DFFE654895
:106310003230F9F75AFF634982B2322332315B4897
:10632000FCF7D6FBA078012874D1934E202130468B
:10633000FBF73EF8544D8021AD1C28703046FBF72A
:1063400037F88E4E687001213046FBF731F8A8709F
:1063500002213046FBF72CF8E870297819B10129A1
:106360001CD021B133E0697821B1012911D06978BD
:1063700011B12CE0A97829B1A97801291DD011B15A
:106380001CD024E010B101281DD020E084F800A02A
:106390001DE0A978D9B9D0B9FF2017E0697811B10B
:1063A000012905D013E0A97889B980B9FE200DE054
:1063B000A97861B958B9FD2008E010B1012804D0CE
:1063C00005E0012002E0022000E00320207094F9A3
:1063D0000000FAF781F901466948FDF7F9FA694FBB
:1063E00006463946A061F9F704FF0546E0613146EB
:1063F0003846F9F750FF014620626348854201DDC7
:10640000E06103E0454501D3C4F81CA0814202DDF0
:10641000206204E00FE0414501D3C4F820A094F9C4
:10642000001094F90100814203D0D4E90701FDF77F
:1064300045F920786070A07803281AD1FCF7ACFBEE
:10644000524EB04203DD4FF07E500146AEE0504F59
:106450004FF07E5529463846FDF730F94FF4C870A5
:10646000FAF762FEFCF798FBB04203DC3946284697
:1064700090E0AEE098E0000040010020880100209C
:10648000D00100202402002003000020B4020020DC
:106490006C0200209A99993F000080804D6F6465DE
:1064A0003A256400AC0000204D6F64653A25640D08
:1064B0000A0000004C0000204800002076313A25F8
:1064C0002E32662076323A252E32660050000020A9
:1064D0004D696C656167653A252E326600000000E3
:1064E000426174746572793A252E32665600000056
:1064F00048435F535230343A252E3266636D0D0A9D
:1065000000000000703A252E326620723A252E32A5
:1065100066200D0A00000000793A252E3266202000
:106520000D0A000076313A252E326676323A252E53
:1065300032660D0A000000004D696C6561676525D3
:106540002E3266636D0D0A00426174746572793A89
:10655000252E3266560D0A0070697463683A252E3E
:10656000326620726F6C6C3A252E32662079617724
:106570003A252E32660D0A0000080140000C014049
:106580003C040020000040400000A0400000C84142
:10659000000080BFFDF792F84FF44870FAF7C4FD91
:1065A000FCF7FAFAB04205DD28462946FDF786F8E1
:1065B00064200CE039460846FDF780F84FF47A7005
:1065C000FAF7B2FD29463846FDF778F8C820FAF701
:1065D000ABFDA078042822D1FCF7DEFA4D4A014633
:1065E000606290421FDA4C48FDF7F2F94B49A06215
:1065F000884202DC4A49884201D9A16207E0B0F131
:106600007F5F04DA4749884201D2C4F828A0A16A12
:106610004FEA0100FDF752F80A20FAF785FDA0784D
:10662000052803D031E000210846F3E73E4A111F58
:10663000081F00F0B7F80028F8D13C48616BFDF75F
:10664000C7F94FF07F5706463946E060F9F7D1FDAC
:106650000546206131463846F9F71DFE0146606166
:106660003348854201DD206103E0454501D3C4F88C
:1066700010A0814201DD606103E0414501D3C4F80F
:1066800014A0D4E90401FDF719F8A07806287FF4D6
:106690002DAD284828A102682A48FDF717FD0C23D4
:1066A000284A06210020FDF715F994F90000FAF7B1
:1066B00013F801462448FDF78BF94FF07C57064646
:1066C0003946A061F9F795FD0546E0613146384647
:1066D000F9F7E1FD014620625846854201DBE061A1
:1066E00003E0454501D3C4F81CA0814201DB2062D0
:1066F00003E0414501D3C4F820A094F9001094F9B7
:106700000100814203D0D4E90701FCF7D7FF2078CC
:106710006070EBE4000070425C0400200000A040C8
:106720000000A0C00000C0BF340000207C04002096
:10673000000060403C0000206C48573A256420204F
:1067400000000000AC0000209C0400207047000006
:106750002DE9F041124C20F00101002594F82400AD
:1067600010B10020BDE8F081A07A4FF0FF3668B18B
:106770000840277C2074884200D0354641B1012072
:1067800000F072FF00F0B4FB38B127743046E9E73F
:10679000207D00B1012000F067FF2846E2E70000FD
:1067A0006C0000202DE9F74F8EB00CA902A8CDE9AE
:1067B00000010BAB03AA09A907A8FEF75FFE18B1F9
:1067C000012011B0BDE8F08FBDF80800C0057DD5EF
:1067D0000398F9F781FF6FF01D042146F9F7D1FD09
:1067E00082460498F9F778FF2146F9F7CAFD8146F9
:1067F0000598F9F771FF2146F9F7C3FD8046069821
:10680000F9F76AFF2146F9F7BCFD0546012150461C
:10681000F9F7B7FD06464146F9F743FD04464FF048
:1068200040414846F9F73DFD07462946F9F739FD4D
:106830002146F9F7DEFCF9F797FFFEF7C7F94FF0AD
:10684000663B5A463D4BF9F74FFEF9F7B9FF0E99F3
:10685000086001214046F9F794FD41460090F9F7A0
:1068600020FD044638464946F9F71BFD2146F9F755
:1068700012FD4FF07E51F9F7BCFCF9F775FF0746A2
:106880000C4630464946F9F70CFD06462946009865
:10689000F9F707FD3146F9F7ACFCF9F765FF3A4621
:1068A0002346FEF7DBFB5A46244BF9F71DFEF9F7AA
:1068B00087FF0F99086029460846F9F7F2FC07465A
:1068C00041460846F9F7EDFC064600E034E049464B
:1068D0000846F9F7E6FC044651460846F9F7E1FC9C
:1068E0002146F9F786FC3146F9F7D5FC3946F9F728
:1068F000D2FCF9F739FF06460C4629465046F9F70F
:10690000D0FC054641464846F9F7CBFC2946F9F745
:1069100070FC0121F9F735FDF9F726FF32462346D1
:10692000FEF79CFB5A46054BF9F7DEFDF9F748FFE9
:1069300010990860002044E7022042E766A64C4018
:1069400010B5FCF7F1F900F0F1F808B10A2010BD1C
:10695000782000F0B1FD10F0FF0F01D0012010BD34
:106960007820FFF7F5FE10F0FF0F01D0022010BDD8
:10697000642000F061FD10F0FF0F01D0032010BD76
:10698000FEF772FD10F0FF0F01D0042010BD144877
:10699000FFF714FBFEF718FF10F0FF0F01D00520E2
:1069A00010BD40F27310FEF737FC10F0FF0F01D05E
:1069B000062010BD6420FEF76FFE10F0FF0F01D01F
:1069C000072010BD00F010FE08B1082010BD012006
:1069D00000F058FC10F0FF00F8D0092010BD0000B6
:1069E000980000200D494A7A42B1012A08D0022AB3
:1069F0000FD0032A0FD04FF0FF307047022200E083
:106A000004220270C97C11B11106C90D0170002069
:106A100070470822F5E71022F3E700006C00002021
:106A20000F494A7A42B1012A09D0022A11D0032A19
:106A300012D04FF0FF3070474FF4804201E041F632
:106A40009C720280C97C11B1C2F34E01018000200A
:106A500070474FF48052F4E74FF40062F1E7000012
:106A60006C0000200B49097A39B1012907D00229AD
:106A70000AD003290BD0002103E0FA2101E04FF4F2
:106A8000FA710180002070474FF47A71F9E74FF4F2
:106A9000FA61F6E76C0000200A49097A41B1012940
:106AA00008D002290AD003290AD04FF0FF307047DE
:106AB000054900E005490160002070470449FAE7F4
:106AC0000449F8E76C000020000003430000834203
:106AD00033330342333383410C49C97A072913D234
:106AE000DFE801F01204060A0C0E1000BC2100E0E1
:106AF00062210180002070472A21FAE71421F8E77B
:106B00000A21F6E70521F4E70021F2E76C000020F6
:106B1000054991F8242012B14FF0FF307047C98920
:106B200001800020704700006C0000202DE9FC412E
:106B30004C4C80208DF8000020686B460122817C3F
:106B400060680078FCF709FB4FF0FF37002832D16E
:106B50006420FAF7E9FA00258DF8005020686B46AA
:106B60000122817C60680078FCF7F7FA002870D178
:106B700020686B460622817D60680078FCF760FA29
:106B8000002866D19DF805009DF80310C007400F4E
:106B900001F0010140EA41019DF801004FF00106BA
:106BA00000F00100014309D0012905D0022915D0C8
:106BB0002DA0FDF77BFA4CE0E67410E020686B46F0
:106BC0000122C17860680078FCF73AFA40BB9DF872
:106BD000000010F00F0020D0042822D0E574FF2020
:106BE00004F80A0F4FF6FF7104F8020C04F8010CC8
:106BF0006070A180A0712072A67026766576E5721D
:106C0000A572E56025616561A576E576A5834FF4FB
:106C1000FA6000F073FB18B907E01D48FDF746FA6B
:106C200017E01CA0FDF742FAC6E7022000F088FA40
:106C300078B92A2000F0CAFB58B9322000F0FCFBDA
:106C400038B90020FFF784FD18B9002000F0ACFA35
:106C500010B13846BDE8FC81002000F02DFC00207A
:106C6000F8E700006C000020556E737570706F724D
:106C700074656420736F6674776172652070726FDB
:106C800064756374207265762025642E0A00000006
:106C9000D08D000848616C662073656E73697469F5
:106CA00076697479207061727420666F756E642ED7
:106CB0000A0000002DE9FF4FDFF89480064685B0FA
:106CC00098F8250015460F464FF0FF39B0BBAFB31B
:106CD000002420E0301B102800DD102080B2834605
:106CE0003A1901469246204600F042FC30BB6A4603
:106CF0005946204600F0D2F800BB50465A46694635
:106D0000F9F76AFA20B16FF0010009B0BDE8F08F21
:106D100004EB0B0084B2B442DCD3280A8DF81000D7
:106D20008DF81150D8F80000444604AB817ED8F8A5
:106D3000040002220078FCF710FA08B14846E4E7A4
:106D4000012084F825000898E0840020DDE7000099
:106D50006C0000202DE9F84305464FF0FF39282844
:106D600044D80727284C00267DB1012000F0FCFA0A
:106D700020208DF800004FF00108012D17D0052DBF
:106D800018D88DF8018005201FE0002000F0ECFAF3
:106D90008DF800608DF8017020686B460222817CBE
:106DA00060680078FCF7D9F900BB267529E08DF8FA
:106DB0000160E8E7142D04D802208DF801000A20B4
:106DC00003E003208DF80100142000F0FFFA9DF885
:106DD00001006B4607EB80108DF80100206802224D
:106DE000817C60680078FCF7B8F910B14846BDE8CE
:106DF000F8830820A072267384F814800020FFF71F
:106E0000A7FC0020F3E700006C0000202DE9F84308
:106E1000214C0646174694F8240089464FF0FF3867
:106E200090B3A07A80B320686B460222817A6068B2
:106E30000078FCF705F938BBBDF8000045BAB5424B
:106E400002D2002038701FE060684188B5EB510F16
:106E500011D9216800786B46497C0122FCF7F0F8D3
:106E600090B99DF80000C00605D500F041F86FF01C
:106E70000100BDE8F8832068F2B24B46C17A606831
:106E80000078FCF7DDF808B14046F2E7B5FBF6F014
:106E9000401E38700020ECE76C000020F8B51600AA
:106EA0000D464FF0FF371FD0104CA17AE1B1010A17
:106EB0008DF80010C0B28DF8010041196068428958
:106EC000914211D8216800786B46097E0222FCF7B6
:106ED00044F948B92068EAB23346417D60680078D9
:106EE000FCF7AEF8002800D03846F8BD6C00002052
:106EF000F8B5564C4FF0FF36A07A00287DD000251B
:106F00008DF8005020686B460122C17B60680078D4
:106F1000FCF723F9002870D120686B4601224179E3
:106F200060680078FCF719F9002866D120686B4684
:106F30000122017960680078FCF70FF900285CD124
:106F400094F82400E0B30C208DF8000020686B4614
:106F50000122017960680078FCF7FFF8002872D1FF
:106F60003220FAF7E1F8C0208DF80000A07AC007BF
:106F700002D0E0208DF8000020686B4601220179E4
:106F800060680078FCF7E9F800285CD1607C18B1F3
:106F900002208DF8000001E08DF8005020686B465B
:106FA0000122C17B60680078FCF7D7F828BB8DF818
:106FB000005020686B4601224179606800783EE00D
:106FC000FFE704208DF8000020686B46012201795C
:106FD00060680078FCF7C1F878B9A07C90B9A07A15
:106FE000C0070FD05FF060008DF8000020686B468E
:106FF000012201796068007800E024E0FCF7ADF838
:1070000008BB01E04020EFE73220FAF78DF8607C02
:1070100018B101208DF8000001E08DF800502068C3
:107020006B460122C17B60680078FCF796F850B986
:107030002068064B01224179606810330078FCF724
:107040008CF8002800D03046F8BD00006C0000200D
:107050002DE9F047394C82468AB094F824000F4657
:1070600020B1002000F00EF9012600E0002607A85C
:10707000FFF7F8FC06A8FFF7B5FC09A8FFF72CFD01
:1070800008A8FFF745FD94F80A9094F810800025B1
:10709000002239465046FEF79DFD10B16D1C022DB1
:1070A000F6DB022D1AD00025012203A96846FEF75F
:1070B00091FD10B16D1C022DF6DB022D0ED003A93F
:1070C0003846FDF717FDC7B269465046FEF70CFF7C
:1070D00010F0FF0F4FF0000502D002E0002503E0A2
:1070E00001250FB945F00205FF2020726072E072A1
:1070F0004FF6FF71E181A072207401202073BDF86A
:107100001C0000F0FBF89DF8180000F019F8BDF81D
:10711000240000F05BF9BDF8200000F08DF948462E
:1071200000F0CAF94046FFF713FB16B1012000F04A
:10713000A9F80AB02846BDE8F08700006C000020DE
:1071400038B5184C4FF0FF35A17A19B3022806D094
:10715000042806D008280ED010281BD10DE00020EE
:1071600000E008208DF80000607A9DF80010B0EB78
:10717000D10F04D005E01020F4E71820F2E700203A
:1071800038BD20686B460122C17960680078FBF742
:10719000E4FF08B1284638BD9DF80000C0086072C1
:1071A000EDE700006C000020F8B5354C0546A07CEA
:1071B000A84201D10020F8BD31484FF0FF366B46A0
:1071C000D0E900104FF001020979007835B3FBF7E0
:1071D00037FF70BB9DF800006B4620F020008DF853
:1071E000000020680122017960680078FBF7B5FF94
:1071F000F8B90320F9F798FF02208DF8000094F801
:10720000220078B382202BE020686B460122017DAA
:1072100060680078FBF7A1FF58B92EE0FBF710FF7C
:1072200038B9A07AC0079DF8000003D040F02000D4
:1072300002E00CE020F020008DF8000020686B4692
:107240000122017960680078FBF787FF08B13046BA
:10725000F8BD0320F9F768FF94F8220000B1802000
:107260008DF8000094F823000028CDD09DF8000090
:1072700040F030008DF80000C6E7A5749AE70000E2
:107280006C00002038B51C4C94F8241081421DD0AD
:10729000002500B394F82500D0B1002000F0E4F9F7
:1072A0000020FFF781FFE08C00F0C6F88DF8005059
:1072B00060686B46012200782321FBF74EFF012016
:1072C00084F8240000F0D0F9FFF712FE002038BD4A
:1072D0004FF0FF3038BD002000F0C6F9207C8DF85B
:1072E000000060686B46012200782321FBF735FF20
:1072F00084F82450E8E700006C00002038B5194CF1
:107300004FF0FF35A17A31B3FA2809D0B0F5FA7FF2
:1073100008D0B0F57A7F0FD0B0F5FA6F1BD10DE031
:10732000002000E008208DF80000207A9DF8001071
:10733000B0EBD10F04D005E01020F4E71820F2E7FD
:10734000002038BD20686B46012281796068007892
:10735000FBF703FF08B1284638BD9DF80000C008C0
:107360002072EDE76C00002038B5174C054694F804
:107370002300A84201D1002038BD0DB1302000E02B
:1073800000208DF80000A07C28B19DF8000040F09E
:1073900002008DF8000094F8220028B19DF800004A
:1073A00040F080008DF8000020686B460122017DCE
:1073B00060680078FBF7D1FE10B14FF0FF3038BDA8
:1073C00084F82350D7E700006C00002038B5194C32
:1073D0004FF0FF35A17A31B3BC2801D3012010E072
:1073E000622801D302200CE02A2801D3032008E000
:1073F000142801D3042004E00A2801D3052000E06A
:1074000006208DF80000E07A9DF80010884201D136
:10741000002038BD20686B460122817860680078C2
:10742000FBF79BFE08B1284638BD9DF80000E072CE
:10743000EEE700006C000020F8B51E4D04464FF04A
:10744000FF37A87A48B395F8240030BB287D4FF465
:107450007A7648B164B1282C03D8E0B2FFF77AFC01
:1074600026E00020FFF776FC042C05D2042406E079
:107470000020FFF76FFCF9E7B44200D93446B6FBB1
:10748000F4F0401E8DF8000028686B460122417818
:1074900068680078FBF761FE08B13846F8BD9DF8D2
:1074A0000000401CB6FBF0F0E8814008FFF78EFFBB
:1074B0000020F8BD6C000020F8B5054610F0700FF4
:1074C0004FF0000601D0012004E015B18DF80060F6
:1074D00002E040208DF80000244C6B460122206819
:1074E000817C60680078FBF738FE4FF0FF3760BBA7
:1074F0009DF8000020F0400020738DF800606806C1
:1075000002D404208DF80000A80605D49DF80000E0
:1075100040F002008DF80000E80605D49DF8000058
:1075200040F001008DF80000280705D49DF8000008
:1075300040F038008DF8000020686B460122C17CC5
:1075400060680078FBF709FE10B1A6723846F8BDF6
:1075500025B1082D02D00020FFF706FFA572267581
:107560003220F9F7E1FD0020F8BD00006C0000209A
:10757000F8B516000D464FF0FF371FD0104CA17A1A
:10758000E1B1010A8DF80010C0B28DF80100411977
:1075900060684289914211D8216800786B46097E63
:1075A0000222FBF7DAFD48B92068EAB23346417D92
:1075B00060680078FBF7D1FD002800D03846F8BDA0
:1075C0006C000020064908B50968064AC908B1FBE5
:1075D000F2F14143009100BF491E0091FBD208BD6A
:1075E0006000002040420F0010B588B0694604A832
:1075F000FFF72EFD032802D0012008B010BD07A818
:10760000FFF74AFA0498F9F767F807990C46F8F774
:1076100048FEF9F77CF804900598F9F75DF82146E3
:10762000F8F73FFEF9F773F805900698F9F754F864
:107630002146F8F736FEF9F76AF8069004A8FEF737
:107640005DF803A8FFF7ECF9BDF80C000099414381
:107650000091019941430191029941436846029189
:10766000FDF7AEFF0020C8E7F8B5144C01462246EE
:1076700094F82460D2E9000200235D1E56B179B16E
:10768000022111E0C17B10786B460122FBF765FDFA
:1076900068B90EE0A67A56B111B1617C61B902E019
:1076A0008DF80030EEE701218DF80010EAE728465A
:1076B000F8BD9DF8000060740020F8BD6C0000204B
:1076C0002DE9F04106460F46F9F7BCF9041E0D46B8
:1076D00018BF0120284320F00040C0F17F6000F176
:1076E000E040C00F0ED0301C18BF0120384320F0FE
:1076F0000040C0F17F6000F1E040C00F04BF0120F6
:10770000FCF794FD20462946BDE8F0812DE9F043C1
:107710004849494C0A464E7813784FF001085A1CE4
:10772000D5B2002256B14FF0020C012E0BD04FF013
:107730000309022E17D0032E1ED006E0A52804D17F
:1077400081F801800CE0A62808D04A700A70002059
:107750002254401C0A28FBDBBDE8F08381F801C0FD
:10776000E0540D70F8E7E0540D70092D01D85B2846
:10777000F2D181F80190EFE7E01810F8010C4A709F
:107780005B280A7005D000202254401C0A28FBDB2D
:10779000E2E72948A779294D83784679C0781FB157
:1077A000012F1BD01FB134E01EB1012E0FD00EB13E
:1077B0002FE020B1012823D010B122D029E013B14D
:1077C000012B2CD025E02A7045F2CE6020E000BBD2
:1077D000FBB9FF20287045F2C46019E016B1012EF4
:1077E00007D016E0A8B9A3B9FE20287045F2CD60F5
:1077F0000EE070B96BB9FD20287045F2C36007E058
:1078000013B1012B10D004E085F8008045F2E6208A
:10781000486000202254401C0A28FBDB9CE785F8C6
:1078200000C042F6BE70F3E785F8009042F6D6300D
:10783000EEE70000380000201802002000000020C1
:10784000010202030405060708090A0B0C0D0E0FBE
:107850001010010202030405060708090A0B0C0DAB
:107860000E0F1010000000000000000001020304D1
:1078700006070809000000000102030400000000E0
:1078800000000000002F00000000070007000014A7
:107890007F147F1400242A7F2A12006264081323B5
:1078A00000364955225000000503000000001C224C
:1078B0004100000041221C000014083E081400088A
:1078C000083E0808000000A060000008080808083A
:1078D000000060600000002010080402003E5149D2
:1078E000453E0000427F4000004261514946002170
:1078F00041454B31001814127F100027454545398A
:10790000003C4A49493000017109050300364949E4
:10791000493600064949291E00003636000000009D
:1079200056360000000814224100001414141414E8
:107930000000412214080002015109060032495991
:10794000513E007C1211127C007F49494936003EAD
:1079500041414122007F4141221C007F4949494168
:10796000007F09090901003E4149497A007F080862
:10797000087F0000417F4100002040413F01007F1F
:1079800008142241007F40404040007F020C027FEB
:10799000007F0408107F003E4141413E007F0909FD
:1079A0000906003E4151215E007F09192946004623
:1079B000494949310001017F0101003F4040403FFA
:1079C000001F2040201F003F4038403F0063140844
:1079D000146300070870080700615149454300001F
:1079E0007F41410000552A552A55000041417F0042
:1079F0000004020102040040404040400000010237
:107A00000400002054545478007F4844443800381F
:107A10004444442000384444487F003854545418A7
:107A200000087E0901020018A4A4A47C007F0804B9
:107A300004780000447D4000004080847D00007F89
:107A4000102844000000417F4000007C04180478A6
:107A5000007C0804047800384444443800FC2424A2
:107A600024180018242418FC007C0804040800488A
:107A70005454542000043F444020003C4040207CAB
:107A8000001C2040201C003C4030403C004428109A
:107A90002844001CA0A0A07C004464544C4414144E
:107AA0001414141400000000000000000000000086
:107AB00000000000000000F800000000000000339B
:107AC0003000000000100C06100C06000000000042
:107AD0000000000040C07840C0784000043F04042B
:107AE0003F040400007088FC08300000001820FFEC
:107AF000211E0000F008F000E018000000211C0327
:107B00001E211E0000F00888700000001E212324A2
:107B10001927211010160E000000000000000000C0
:107B200000000000000000E0180402000000000750
:107B30001820400000020418E00000000040201857
:107B400007000000404080F0804040000202010F2A
:107B500001020200000000F0000000000101011F0E
:107B600001010100000000000000000080B0700072
:107B70000000000000000000000000000001010102
:107B80000101010100000000000000000030300091
:107B9000000000000000000080601804006018066B
:107BA0000100000000E010080810E000000F1020A5
:107BB00020100F00001010F8000000000020203FEF
:107BC0002020000000700808088870000030282479
:107BD000222130000030088888483000001820201A
:107BE00020110E000000C02010F80000000704243F
:107BF000243F240000F80888880808000019212084
:107C000020110E0000E0108888180000000F1120DD
:107C100020110E0000380808C83808000000003F96
:107C2000000000000070880808887000001C2221F5
:107C300021221C0000E010080810E00000003122A2
:107C400022110F00000000C0C00000000000003042
:107C50003000000000000080000000000000806094
:107C60000000000000008040201008000001020415
:107C700008102000404040404040400004040404FC
:107C800004040400000810204080000000201008B8
:107C900004020100007048080808F00000000030ED
:107CA00036010000C030C828E810E000071827247B
:107CB00023140B000000C038E0000000203C230229
:107CC0000227382008F8888888700000203F20208C
:107CD00020110E00C03008080808380007182020BE
:107CE0002010080008F808080810E000203F2020B5
:107CF00020100F0008F88888E8081000203F202096
:107D00002320180008F88888E8081000203F200089
:107D100003000000C03008080838000007182020C1
:107D2000221E020008F808000008F808203F210180
:107D300001213F20000808F8080800000020203F2B
:107D40002020000000000808F8080800C08080809B
:107D50007F00000008F888C028180800203F200194
:107D60002638200008F8080000000000203F2020EE
:107D70002020300008F8F800F8F80800203F003F05
:107D8000003F200008F830C00008F808203F20001D
:107D900007183F00E01008080810E0000F1020202E
:107DA00020100F0008F808080808F000203F210103
:107DB00001010000E01008080810E0000F1824245A
:107DC00038504F0008F8888888887000203F2000CD
:107DD000030C302000708808080838000038202183
:107DE00021221C00180808F8080818000000203F8D
:107DF0002000000008F808000008F808001F2020F4
:107E000020201F000878880000C8380800000738C4
:107E10000E010000F80800F80008F800033C070015
:107E2000073C0300081868808068180820302C037D
:107E3000032C30200838C800C83808000000203F54
:107E40002000000010080808C83808002038262143
:107E500020201800000000FE020202000000007F47
:107E600040404000000C30C0000000000000000155
:107E70000638C00000020202FE0000000040404040
:107E80007F00000000000402020204000000000065
:107E900000000000000000000000000080808080E2
:107EA00080808080000202040000000000000000CA
:107EB0000000000000008080808000000019242263
:107EC00022223F2008F8008080000000003F11209F
:107ED00020110E000000008080800000000E1120A4
:107EE00020201100000000808088F800000E112082
:107EF00020103F200000808080800000001F222290
:107F000022221300008080F0888888180020203FFB
:107F1000202000000000808080808000006B94940E
:107F20009493600008F8008080800000203F2100CA
:107F300000203F2000809898000000000020203F93
:107F400020200000000000809898000000C0808081
:107F5000807F000008F8000080808000203F24021D
:107F60002D302000000808F8000000000020203F0D
:107F7000202000008080808080808000203F2000C2
:107F80003F20003F8080008080800000203F210053
:107F900000203F200000808080800000001F202003
:107FA00020201F00808000808000000080FFA12032
:107FB00020110E000000008080808000000E112043
:107FC00020A0FF80808080008080800020203F21D2
:107FD0002000010000008080808080000033242485
:107FE00024241900008080E0808000000000001F31
:107FF000202000008080000000808000001F2020E2
:1080000020103F20808080000080808000010E30A2
:108010000806010080800080008080800F300C0303
:108020000C300F0000808000808080000020312E06
:108030000E312000808080000080808080818E70E2
:108040001806010000808080808080000021302C94
:108050002221300000000000807C020200000000AD
:10806000003F404000000000FF0000000000000052
:10807000FF0000000002027C800000000040403F42
:1080800000000000000601010202040400000000DC
:108090000000000075191A0C6A231B1C1F20727443
:1080A000433B4138393A6B6C376F06246D6E700074
:1080B0006800000476005401F7FD00018300000011
:1080C00000080000000100183200050000002041F7
:1080D0000000D242295C0F3E9A99993E3333733F98
:1080E000295C0F3E00007000000000240000000228
:1080F0000003000000650054FFEF0000FA80000B51
:1081000012820001030C30C30E8C8CE914D540029E
:1081100013710F8E3883F8833000F883258EF8832F
:108120003000F883FFFFFFFF0FFEA9D624000400F4
:108130001A8279A10000003CFFFF0000001000003F
:1081400038836FA2003E03304000000002CAE309FA
:108150003E80000020000000000000004000000001
:1081600060000000000C0000000C186E0000069279
:108170000A16C0DFFFFF0256FD8CD377FFE1C496DD
:10818000E0C5BEAA00000000FFFF0B2B0000165741
:10819000000003594000000000001DFA00026C1DA1
:1081A000000000003FFFDFEB003EB3B6000D227879
:1081B00000002F3C00000000001942B5000039A269
:1081C0000000B365D90E9FC91DCF4C3430000000AC
:1081D000500000003BB67AE80064000000C80000D0
:1081E00000000000100000001000FA921000225E53
:1081F000000D229F0001000000320000FF46000039
:1082000063D400001000000004D6000004CC00007D
:1082100004CC0000000010720000004000000000CC
:10822000000000000006000200050007000000003A
:10823000006400000000000000000005000500646C
:1082400000200000000000000000000000004000CE
:108250000000030000000032F8980000FF650000F5
:10826000830F0000FF9BFC000000000000000000E6
:1082700000000000000000000000000000000000FE
:1082800000000000000000000000000000000000EE
:108290000000100040000000000000060000B26A6C
:1082A000000200000001FB830068000000D9FC0010
:1082B0007CF1FF830000000000650000006403E81B
:1082C00000640028000000250000000016A0000047
:1082D0000000100000001000002F0000000001F45A
:1082E0000000100000280000FFFF4581FFFFFA7228
:1082F0000000000000000000004400050005BAC6B0
:10830000004778A200000001000000000000060005
:10831000000000140000254D002F706D000005AE18
:10832000000C02D00000000000000000000000006F
:1083300000000000001B0000000000000000000022
:1083400000000000006400000008000000000000C1
:10835000000000000000000000000000000000001D
:10836000000000000000000000000000000000000D
:1083700000000000000000000000000000000000FD
:1083800000000000000000000000000000000000ED
:1083900000000000000000000000000000000000DD
:1083A00000000000001B00000000000000000000B2
:1083B000000E000E00000AC700040000000000329A
:1083C000FFFFFF9C00000B2B0000000200000001DB
:1083D00000000064FFE50000000000000000000055
:1083E000000000000000000100000000000100008B
:1083F00000000000000180000001800000018000FA
:10840000002426D300000000000000000006001039
:108410000096003C0000000000000000000000008A
:10842000000000000C0A4E68CDCF7709501667593E
:10843000C619CE820000000000000000000000000D
:1084400000000000000000000000000017D78400BA
:10845000030000000000000000000000C7938F9D93
:108460001E1B1C190000000000000000000000009E
:10847000000000000000000000000000020318855A
:1084800000004000000000030000000300000000A6
:10849000000000004000000000000000000000009C
:1084A00000000000000000000000000000000000CC
:1084B00000000000000000000000000000000000BC
:1084C0000000000000000000677DDF7E72902E55E6
:1084D0004CF6E688000000000000000000000000EC
:1084E00000000000D8DCB4B8B0D8B9ABF3F8FAB3E8
:1084F000B7BB8E9EAEF132F51BF1B4B8B08097F1E8
:10850000A9DFDFDFAADFDFDFF2AAC5CDC7A90CC96B
:108510002C97F1A989264666B28999A92D557DB077
:10852000B08AA896365676F1BAA3B4B280C0B8A87D
:108530009711B28398BAA3F0240844106418B2B912
:10854000B49883F1A329557DBAB5B1A38393F00004
:108550002850F5B2B6AA839328547CF1B9A382932C
:1085600061BAA2DADEDFDB819AB9AEF5606870F13C
:10857000DABAA2DFD9BAA2FAB9A38292DB31BAA2DF
:10858000D9BAA2F8DF85A4D0C1BBAD83C2C5C7B834
:10859000A2DFDFDFBAA0DFDFDFD8D8F1B8AAB38D62
:1085A000B4980D355DB2B6BAAF8C96198F9FA70EF1
:1085B000161EB49AB8AA872C547CBAA4B08AB69175
:1085C000325676B28494A4C808CDD8B8B4B0F19924
:1085D00082A82D557D98A80E161EA22C547C92A41C
:1085E000F02C5078F184A898C4CDFCD80DDBA8FC01
:1085F0002DF3D9BAA6F8DABAA6DED8BAB2B68696FC
:10860000A6D0F3C841DAA6C8F8D8B0B4B882A89208
:10861000F52C548898F135D9F418D8F1A2D0F8F98E
:10862000A884D9C7DFF8F883C5DADF69DF83C1D84A
:10863000F40114F1A8824EA884F311D182F5D992E5
:10864000289788F109F41C1CD884A8F3C0F9D1D963
:108650009782F129F40DD8F3F9F9D1D982F4C20344
:10866000D8DEDF1AD8F1A2FAF9A88498D9C7DFF8C2
:10867000F8F883C7DADF69DFF883C3D8F40114F1AF
:1086800098A8822EA884F311D182F5D992509788A8
:10869000F109F41CD884A8F3C0F8F9D1D99782F174
:1086A00049F40DD8F3F9F9D1D982F4C403D8DEDF47
:1086B000D8F1AD8898CCA809F9D98292A8F57CF1B7
:1086C000883ACF944A6E98DB6931DAADF2DEF9D898
:1086D0008795A8F221D1DAA5F9F417D9F1AE8ED099
:1086E000C0C3AE82C684C3A88595C8A588F2C0F170
:1086F000F4010EF18E9EA8C63E56F554F18872F430
:108700000115F19845856EF58E9E0488F142985AC0
:108710008E9E068869F4011CF1981E1108D0F5049C
:10872000F11E970202983625DBF9D985A5F3C1DA47
:1087300085A5F3DFD88595A8F309DAA5FAD8829242
:10874000A8F578F1881A849F26889821DAF41DF319
:10875000D8879F39D1AFD9DFDFFBF9F40CF3D8FA12
:10876000D0F8DAF9F9D0DFD9F9D8F40BD8F3879F2C
:1087700039D1AFD9DFDFF41DF3D8FAFCA869F9F9D4
:10878000AFD0DADEFAD9F88F9FA8F1CCF398DB45A9
:10879000D9AFDFD0F8D8F18F9FA8CAF38809DAAF34
:1087A0008FCBF8D8F2AD978D0CD9A5DFF9BAA6F327
:1087B000FAF412F2D8950DD1D9BAA6F3FADAA5F2E5
:1087C000C1BAA6F3DFD8F1BAB2B68696A6D0CAF37C
:1087D00049DAA6CBF8D8B0B4B8D8AD84F2C0DFF18E
:1087E0008FCBC3A8B2B68696C8C1CBC3F3B0B4884A
:1087F00098A821DB718D9D71859521D9ADF2FAD8AC
:108800008597A828D9F408D8F28D29DAF405D9F289
:1088100085A4C2F2D8A88D9401D1D9F411F2D887D9
:1088200021D8F40AD8F28498A8C801D1D9F411D873
:10883000F3A4C8BBAFD0F2DEF8F8F8F8F8F8F8F80F
:10884000D8F1B8F6B5B9B08A95A3DE3CA3D9F8D86B
:108850005CA3D9F8D87CA3D9F8D8F8F9D1A5D9DF89
:10886000DAFAD8B18530F7D9DED8F830ADDADED80B
:10887000F2B48C99A32D557DA083DFDFDFB591A0E5
:10888000F629D9FBD8A0FC29D9FAD8A0D051D9F81B
:10889000D8FC51D9F9D879D9FBD8A0D0FC79D9FA2C
:1088A000D8A1F9F9F9F9F9A0DADFDFDFD8A1F8F8F2
:1088B000F8F8F8ACDEF8ADDE8393AC2C547CF1A86C
:1088C000DFDFDFF69D2CDAA0DFD9FADB2DF8D8A8A0
:1088D00050DAA0D0DED9D0F8F8F8DB55F8D8A8786F
:1088E000DAA0D0DFD9D0FAF8F8F8F8DB7DF8D89C18
:1088F000A88CF530DB38D9D0DEDFA0D0DEDFD8A8F9
:1089000048DB58D9DFD0DEA0DFD0DED8A868DB7026
:10891000D9DFDFA0DFDFD8F1A888902C547C98A89D
:10892000D05C38D1DAF2AE8CDFF9D8B087A8C1C1FB
:10893000B188A8C6F9F9DA36D8A8F9DA36D8A8F98C
:10894000DA36D8A8F9DA36D8A8F9DA36D8F78D9D0C
:10895000ADF818DAF2AEDFD8F7ADFA30D9A4DEF907
:10896000D8F2AEDEFAF983A7D9C3C5C7F1889BA7B1
:108970007AADF7DEDFA4F8849408A797F300AEF28F
:108980009819A488C6A39488F632DFF28393DB0992
:10899000D9F2AADFD8D8AEF8F9D1DAF3A4DEA7F17C
:1089A000889B7AD8F38494AE19F9DAAAF1DFD8A8B3
:1089B00081C0C3C5C7A39283F628ADDED9F8D8A37A
:1089C00050ADD9F8D8A378ADD9F8D8F8F9D1A1DA53
:1089D000DEC3C5C7D8A18194F818F2B089ACC3C56D
:1089E000C7F1D8B8B4B09786A8319B069907AB9762
:1089F00028889BF00C201440B0B4B8F0A88A9A28BC
:108A00005078B79BA8295179247059446938644833
:108A100031F1BBAB88002C547CF0B38BB8A8042890
:108A20005078F1B088B49726A85998BBABB38B02A5
:108A3000264666B0B8F08A9CA82951798B295179CD
:108A40008A2470598B2058718A4469388B39406860
:108A50008A6448318B30496088F1AC002C547CF03A
:108A60008CA804285078F1889726A85998AC8C02D5
:108A7000264666F0899CA8295179247059446938A2
:108A8000644831A98809205970AB11384069A81988
:108A90003148608CA83C415C207C00F187981986A5
:108AA000A86E767EA999882D557DD8B1B5B9A3DF7A
:108AB000DFDFAED0DFAAD0DEF2ABF8F9D9B087C4E1
:108AC000AAF1DFDFBBAFDFDFB9D8B1F1A3978E60CA
:108AD000DFB084F2C8F8F9D9DED89385F14AB183C2
:108AE000A308B5839A0810B79F10D8F1B0BAAEB0FA
:108AF0008AC2B2B68E9EF1FBD9F41DD8F9D90CF119
:108B0000D8F8F8AD61D9AEFBD8F40CF1D8F8F8ADCF
:108B100019D9AEFBDFD8F416F1D8F8AD8D61D9F4D0
:108B2000F4ACF59C9C8DDF2BBAB6AEFAF8F40BD8FA
:108B3000F1AED0F8AD51DAAEFAF8F1D8B9B1B6A3CA
:108B4000839C08B9B1839AB5AAC0FD3083B79F1042
:108B5000B58B93F20202D1ABDADED8F1B080BAABBA
:108B6000C0C3B284C1C3D8B1B9F38BA391B609B461
:108B7000D9ABDEB0879CB9A3DDF1B38B8B8B8B8B2C
:108B8000B087A3A3A3A3B28BB69BF2A3A3A3A3A373
:108B9000A3A3A3A3A3F1B087B59AA3F39BA3A3DCDC
:108BA000BAACDFB9A3A3A3A3A3A3A3A3A3A3A3A323
:108BB000A3A3A3A3D8D8D8BBB3B7F1AAF9DAFFD936
:108BC000809AAA28B48098A720B79787A86688F0CB
:108BD0007951F1902C870CA781976293F0717160A5
:108BE00085940129517990A5F1284C6C870C951832
:108BF0008578A38390284C6C886CD8F3A28200F20D
:108C000010A8921980A2F2D926D8F188A84DD94887
:108C1000D896A83980D93CD89580A839A68698D905
:108C20002CDA87A72CD8A8899519A980D938D8A873
:108C30008939A980DA3CD8A82EA83990D90CD8A8AF
:108C4000953198D90CD8A809D9FFD801DAFFD89561
:108C500039A9DA26FFD890A80D8999A81080982103
:108C6000DA2ED88999A83180DA2ED8A88696318054
:108C7000DA2ED8A8873180DA2ED8A88292F34180E4
:108C8000F1D92ED8A882F31980F1D92ED882ACF36D
:108C9000C0A28022F1A62EA72EA92298A829DAAC7C
:108CA000DEFFD8A2F22AF1A92E8292A8F23180A684
:108CB00096F1D900AC8C9C0C30ACDED0DEFFD88CA9
:108CC0009CACD010ACDE8092A2F24C82A8F1CAF229
:108CD00035F19688A6D900D8F1FF00000000000009
:108CE000555555555555C53F7D6FEB0312D6D4BF2D
:108CF0005544880E55C1C93F3B8F68B52882A4BF33
:108D000088B20175E0EF493F09F7FD0DE13D023FF3
:108D10004B2D8A1C273A03C0C88A599CE52A00407B
:108D200059018D1B6C06E6BF82922EB1C5B8B33FC8
:108D30004FBB610567ACDD3F182D4454FB21E93F73
:108D40009BF681D20B73EF3F182D4454FB21F93F62
:108D5000E2652F227F2B7A3C075C143326A6813CE8
:108D6000BDCBF07A8807703C075C143326A6913C93
:108D7000C4EB98999999C9BF711623FEC671BCBFFF
:108D80006D9A74AFF2B0B3BF9AFDDE522DDEADBF67
:108D90002F6C6A2C44B4A2BF0D5555555555D53F7F
:108DA000FF8300922449C23F6E204CC5CD45B73F9A
:108DB000513DD0A0660DB13FEB0D76244B7BA93F12
:108DC00011DA22E33AAD903F0000000000000000FD
:108DD00050726F6475637420494420726561642029
:108DE0006173203020696E64696361746573206407
:108DF00065766963652069732065697468657220AA
:108E0000696E636F6D70617469626C65206F72204A
:108E1000616E204D5055333035302E0A0000000071
:108E2000408E000800000020AC0000000C4200084A
:108E3000EC8E0008AC000020240C00001C4200084E
:108E40000000000000000000000000000000000022
:108E50000000000000000000000000000000000012
:108E60000000000000000000000000000000000002
:108E700000000000000000000000000000000000F2
:108E800000000000000000000000000000000000E2
:108E900000000000010000001000000000000000C1
:108EA00000127A0001000000CDCC4C3F94800008F5
:108EB000B08000080000000000000000000000007A
:108EC00000000000000000000000000000000000A2
:108ED00000000000BC80000801000000010000004C
:0C8EE00001000000000000000000000085
:04000005080000ED02
:00000001FF
